"Network","UnitCode","SiteCode","StartDate","Year","QAQC","PlotName","CommunityType","ScientificName","CommonName","SpeciesCode","Damage","No.Damage","Subsampled"
"NETN","ACAD","BASHAR","2013-06-21",2013,FALSE,"A1","Ascophyllum","Littorina littorea","Common periwinkle","LITLIT",0,3,"No"
"NETN","ACAD","BASHAR","2013-06-21",2013,FALSE,"A1","Ascophyllum","Littorina obtusata","Smooth periwinkle","LITOBT",0,6,"No"
"NETN","ACAD","BASHAR","2013-06-24",2013,TRUE,"A1","Ascophyllum","Littorina littorea","Common periwinkle","LITLIT",0,2,"No"
"NETN","ACAD","BASHAR","2013-06-24",2013,TRUE,"A1","Ascophyllum","Littorina obtusata","Smooth periwinkle","LITOBT",1,2,"No"
"NETN","ACAD","BASHAR","2013-06-24",2013,TRUE,"A1","Ascophyllum","Nucella lapillus","Dogwhelk","NUCLAP",0,1,"No"
"NETN","ACAD","BASHAR","2014-06-21",2014,FALSE,"A1","Ascophyllum","Littorina littorea","Common periwinkle","LITLIT",0,2,"No"
"NETN","ACAD","BASHAR","2014-06-21",2014,FALSE,"A1","Ascophyllum","Littorina obtusata","Smooth periwinkle","LITOBT",0,1,"No"
"NETN","ACAD","BASHAR","2016-06-28",2016,FALSE,"A1","Ascophyllum","Littorina littorea","Common periwinkle","LITLIT",0,6,"No"
"NETN","ACAD","BASHAR","2016-06-28",2016,FALSE,"A1","Ascophyllum","Littorina obtusata","Smooth periwinkle","LITOBT",1,9,"No"
"NETN","ACAD","BASHAR","2017-06-25",2017,FALSE,"A1","Ascophyllum","Littorina littorea","Common periwinkle","LITLIT",0,41,"No"
"NETN","ACAD","BASHAR","2017-06-25",2017,FALSE,"A1","Ascophyllum","Littorina obtusata","Smooth periwinkle","LITOBT",0,1,"No"
"NETN","ACAD","BASHAR","2018-05-18",2018,FALSE,"A1","Ascophyllum","Littorina littorea","Common periwinkle","LITLIT",1,11,"No"
"NETN","ACAD","BASHAR","2018-05-18",2018,FALSE,"A1","Ascophyllum","Littorina obtusata","Smooth periwinkle","LITOBT",0,3,"No"
"NETN","ACAD","BASHAR","2019-06-11",2019,FALSE,"A1","Ascophyllum","Littorina littorea","Common periwinkle","LITLIT",0,9,"No"
"NETN","ACAD","BASHAR","2019-06-11",2019,FALSE,"A1","Ascophyllum","Littorina obtusata","Smooth periwinkle","LITOBT",0,5,"No"
"NETN","ACAD","BASHAR","2021-07-18",2021,FALSE,"A1","Ascophyllum","Carcinus maenas","Green crab","CARMAE",0,1,"No"
"NETN","ACAD","BASHAR","2021-07-18",2021,FALSE,"A1","Ascophyllum","Littorina littorea","Common periwinkle","LITLIT",0,2,"No"
"NETN","ACAD","BASHAR","2021-07-18",2021,FALSE,"A1","Ascophyllum","Littorina obtusata","Smooth periwinkle","LITOBT",0,16,"No"
"NETN","ACAD","BASHAR","2022-05-22",2022,FALSE,"A1","Ascophyllum","Carcinus maenas","Green crab","CARMAE",0,1,"No"
"NETN","ACAD","BASHAR","2022-05-22",2022,FALSE,"A1","Ascophyllum","Littorina littorea","Common periwinkle","LITLIT",0,4,"No"
"NETN","ACAD","BASHAR","2022-05-22",2022,FALSE,"A1","Ascophyllum","Littorina obtusata","Smooth periwinkle","LITOBT",0,5,"No"
"NETN","ACAD","BASHAR","2023-06-12",2023,FALSE,"A1","Ascophyllum","Carcinus maenas","Green crab","CARMAE",0,2,"No"
"NETN","ACAD","BASHAR","2023-06-12",2023,FALSE,"A1","Ascophyllum","Littorina littorea","Common periwinkle","LITLIT",0,1,"No"
"NETN","ACAD","BASHAR","2023-06-12",2023,FALSE,"A1","Ascophyllum","Littorina obtusata","Smooth periwinkle","LITOBT",0,1,"No"
"NETN","ACAD","BASHAR","2024-06-29",2024,FALSE,"A1","Ascophyllum","Carcinus maenas","Green crab","CARMAE",0,2,"No"
"NETN","ACAD","BASHAR","2024-06-29",2024,FALSE,"A1","Ascophyllum","Littorina littorea","Common periwinkle","LITLIT",7,35,"No"
"NETN","ACAD","BASHAR","2024-06-29",2024,FALSE,"A1","Ascophyllum","Littorina saxatilis","Rough periwinkle","LITSAX",1,1,"No"
"NETN","ACAD","BASHAR","2013-06-21",2013,FALSE,"A2","Ascophyllum","Littorina littorea","Common periwinkle","LITLIT",0,8,"No"
"NETN","ACAD","BASHAR","2013-06-21",2013,FALSE,"A2","Ascophyllum","Littorina obtusata","Smooth periwinkle","LITOBT",0,25,"No"
"NETN","ACAD","BASHAR","2013-06-21",2013,FALSE,"A2","Ascophyllum","Nucella lapillus","Dogwhelk","NUCLAP",0,1,"No"
"NETN","ACAD","BASHAR","2013-06-24",2013,TRUE,"A2","Ascophyllum","Littorina littorea","Common periwinkle","LITLIT",0,3,"No"
"NETN","ACAD","BASHAR","2013-06-24",2013,TRUE,"A2","Ascophyllum","Littorina obtusata","Smooth periwinkle","LITOBT",4,19,"No"
"NETN","ACAD","BASHAR","2013-06-24",2013,TRUE,"A2","Ascophyllum","Nucella lapillus","Dogwhelk","NUCLAP",0,3,"No"
"NETN","ACAD","BASHAR","2014-06-21",2014,FALSE,"A2","Ascophyllum","Littorina littorea","Common periwinkle","LITLIT",0,4,"No"
"NETN","ACAD","BASHAR","2014-06-21",2014,FALSE,"A2","Ascophyllum","Littorina obtusata","Smooth periwinkle","LITOBT",0,29,"No"
"NETN","ACAD","BASHAR","2014-06-21",2014,FALSE,"A2","Ascophyllum","Littorina saxatilis","Rough periwinkle","LITSAX",0,1,"No"
"NETN","ACAD","BASHAR","2015-06-12",2015,FALSE,"A2","Ascophyllum","Littorina littorea","Common periwinkle","LITLIT",1,28,"No"
"NETN","ACAD","BASHAR","2015-06-12",2015,FALSE,"A2","Ascophyllum","Littorina obtusata","Smooth periwinkle","LITOBT",0,12,"No"
"NETN","ACAD","BASHAR","2015-06-12",2015,FALSE,"A2","Ascophyllum","Nucella lapillus","Dogwhelk","NUCLAP",1,0,"No"
"NETN","ACAD","BASHAR","2016-06-28",2016,FALSE,"A2","Ascophyllum","Littorina littorea","Common periwinkle","LITLIT",5,52,"No"
"NETN","ACAD","BASHAR","2016-06-28",2016,FALSE,"A2","Ascophyllum","Littorina obtusata","Smooth periwinkle","LITOBT",3,50,"No"
"NETN","ACAD","BASHAR","2016-06-28",2016,FALSE,"A2","Ascophyllum","Nucella lapillus","Dogwhelk","NUCLAP",0,1,"No"
"NETN","ACAD","BASHAR","2017-06-25",2017,FALSE,"A2","Ascophyllum","Littorina littorea","Common periwinkle","LITLIT",0,65,"No"
"NETN","ACAD","BASHAR","2017-06-25",2017,FALSE,"A2","Ascophyllum","Littorina obtusata","Smooth periwinkle","LITOBT",0,20,"No"
"NETN","ACAD","BASHAR","2018-05-18",2018,FALSE,"A2","Ascophyllum","Littorina littorea","Common periwinkle","LITLIT",4,75,"No"
"NETN","ACAD","BASHAR","2018-05-18",2018,FALSE,"A2","Ascophyllum","Littorina obtusata","Smooth periwinkle","LITOBT",4,31,"No"
"NETN","ACAD","BASHAR","2019-06-11",2019,FALSE,"A2","Ascophyllum","Littorina littorea","Common periwinkle","LITLIT",0,70,"No"
"NETN","ACAD","BASHAR","2019-06-11",2019,FALSE,"A2","Ascophyllum","Littorina obtusata","Smooth periwinkle","LITOBT",0,23,"No"
"NETN","ACAD","BASHAR","2021-07-18",2021,FALSE,"A2","Ascophyllum","Carcinus maenas","Green crab","CARMAE",0,5,"No"
"NETN","ACAD","BASHAR","2021-07-18",2021,FALSE,"A2","Ascophyllum","Littorina littorea","Common periwinkle","LITLIT",0,23,"No"
"NETN","ACAD","BASHAR","2021-07-18",2021,FALSE,"A2","Ascophyllum","Littorina obtusata","Smooth periwinkle","LITOBT",0,39,"No"
"NETN","ACAD","BASHAR","2022-05-22",2022,FALSE,"A2","Ascophyllum","Carcinus maenas","Green crab","CARMAE",0,1,"No"
"NETN","ACAD","BASHAR","2022-05-22",2022,FALSE,"A2","Ascophyllum","Littorina littorea","Common periwinkle","LITLIT",0,67,"No"
"NETN","ACAD","BASHAR","2022-05-22",2022,FALSE,"A2","Ascophyllum","Littorina obtusata","Smooth periwinkle","LITOBT",0,30,"No"
"NETN","ACAD","BASHAR","2022-05-22",2022,FALSE,"A2","Ascophyllum","Nucella lapillus","Dogwhelk","NUCLAP",0,2,"No"
"NETN","ACAD","BASHAR","2023-06-12",2023,FALSE,"A2","Ascophyllum","Carcinus maenas","Green crab","CARMAE",0,3,"No"
"NETN","ACAD","BASHAR","2023-06-12",2023,FALSE,"A2","Ascophyllum","Littorina littorea","Common periwinkle","LITLIT",2,46,"No"
"NETN","ACAD","BASHAR","2023-06-12",2023,FALSE,"A2","Ascophyllum","Littorina obtusata","Smooth periwinkle","LITOBT",0,2,"No"
"NETN","ACAD","BASHAR","2024-06-29",2024,FALSE,"A2","Ascophyllum","Carcinus maenas","Green crab","CARMAE",0,2,"No"
"NETN","ACAD","BASHAR","2024-06-29",2024,FALSE,"A2","Ascophyllum","Littorina littorea","Common periwinkle","LITLIT",6,78,"No"
"NETN","ACAD","BASHAR","2024-06-29",2024,FALSE,"A2","Ascophyllum","Littorina obtusata","Smooth periwinkle","LITOBT",1,16,"No"
"NETN","ACAD","BASHAR","2013-06-21",2013,FALSE,"A3","Ascophyllum","Littorina littorea","Common periwinkle","LITLIT",0,16,"No"
"NETN","ACAD","BASHAR","2013-06-21",2013,FALSE,"A3","Ascophyllum","Littorina obtusata","Smooth periwinkle","LITOBT",0,34,"No"
"NETN","ACAD","BASHAR","2013-06-21",2013,FALSE,"A3","Ascophyllum","Nucella lapillus","Dogwhelk","NUCLAP",0,2,"No"
"NETN","ACAD","BASHAR","2013-06-24",2013,TRUE,"A3","Ascophyllum","Littorina littorea","Common periwinkle","LITLIT",2,14,"No"
"NETN","ACAD","BASHAR","2013-06-24",2013,TRUE,"A3","Ascophyllum","Littorina obtusata","Smooth periwinkle","LITOBT",5,23,"No"
"NETN","ACAD","BASHAR","2013-06-24",2013,TRUE,"A3","Ascophyllum","Nucella lapillus","Dogwhelk","NUCLAP",0,4,"No"
"NETN","ACAD","BASHAR","2014-06-21",2014,FALSE,"A3","Ascophyllum","Littorina littorea","Common periwinkle","LITLIT",0,14,"No"
"NETN","ACAD","BASHAR","2014-06-21",2014,FALSE,"A3","Ascophyllum","Littorina obtusata","Smooth periwinkle","LITOBT",0,18,"No"
"NETN","ACAD","BASHAR","2015-06-12",2015,FALSE,"A3","Ascophyllum","Littorina littorea","Common periwinkle","LITLIT",1,27,NA
"NETN","ACAD","BASHAR","2015-06-12",2015,FALSE,"A3","Ascophyllum","Littorina obtusata","Smooth periwinkle","LITOBT",0,19,NA
"NETN","ACAD","BASHAR","2016-06-28",2016,FALSE,"A3","Ascophyllum","Littorina littorea","Common periwinkle","LITLIT",0,59,"No"
"NETN","ACAD","BASHAR","2016-06-28",2016,FALSE,"A3","Ascophyllum","Littorina obtusata","Smooth periwinkle","LITOBT",2,20,"No"
"NETN","ACAD","BASHAR","2016-06-28",2016,FALSE,"A3","Ascophyllum","Nucella lapillus","Dogwhelk","NUCLAP",0,1,"No"
"NETN","ACAD","BASHAR","2017-06-25",2017,FALSE,"A3","Ascophyllum","Littorina littorea","Common periwinkle","LITLIT",0,54,"No"
"NETN","ACAD","BASHAR","2017-06-25",2017,FALSE,"A3","Ascophyllum","Littorina obtusata","Smooth periwinkle","LITOBT",0,10,"No"
"NETN","ACAD","BASHAR","2018-05-18",2018,FALSE,"A3","Ascophyllum","Littorina littorea","Common periwinkle","LITLIT",5,66,"No"
"NETN","ACAD","BASHAR","2018-05-18",2018,FALSE,"A3","Ascophyllum","Littorina obtusata","Smooth periwinkle","LITOBT",2,20,"No"
"NETN","ACAD","BASHAR","2019-06-11",2019,FALSE,"A3","Ascophyllum","Carcinus maenas","Green crab","CARMAE",0,4,"No"
"NETN","ACAD","BASHAR","2019-06-11",2019,FALSE,"A3","Ascophyllum","Littorina littorea","Common periwinkle","LITLIT",0,137,"No"
"NETN","ACAD","BASHAR","2019-06-11",2019,FALSE,"A3","Ascophyllum","Littorina obtusata","Smooth periwinkle","LITOBT",0,49,"No"
"NETN","ACAD","BASHAR","2021-07-18",2021,FALSE,"A3","Ascophyllum","Carcinus maenas","Green crab","CARMAE",0,7,"No"
"NETN","ACAD","BASHAR","2021-07-18",2021,FALSE,"A3","Ascophyllum","Littorina littorea","Common periwinkle","LITLIT",0,30,"No"
"NETN","ACAD","BASHAR","2021-07-18",2021,FALSE,"A3","Ascophyllum","Littorina obtusata","Smooth periwinkle","LITOBT",0,37,"No"
"NETN","ACAD","BASHAR","2022-05-22",2022,FALSE,"A3","Ascophyllum","Carcinus maenas","Green crab","CARMAE",0,1,"No"
"NETN","ACAD","BASHAR","2022-05-22",2022,FALSE,"A3","Ascophyllum","Littorina littorea","Common periwinkle","LITLIT",4,81,"No"
"NETN","ACAD","BASHAR","2022-05-22",2022,FALSE,"A3","Ascophyllum","Littorina obtusata","Smooth periwinkle","LITOBT",0,26,"No"
"NETN","ACAD","BASHAR","2023-06-12",2023,FALSE,"A3","Ascophyllum","Carcinus maenas","Green crab","CARMAE",0,3,"No"
"NETN","ACAD","BASHAR","2023-06-12",2023,FALSE,"A3","Ascophyllum","Littorina littorea","Common periwinkle","LITLIT",5,26,"No"
"NETN","ACAD","BASHAR","2023-06-12",2023,FALSE,"A3","Ascophyllum","Littorina obtusata","Smooth periwinkle","LITOBT",1,5,"No"
"NETN","ACAD","BASHAR","2024-06-29",2024,FALSE,"A3","Ascophyllum","Littorina littorea","Common periwinkle","LITLIT",6,81,"No"
"NETN","ACAD","BASHAR","2024-06-29",2024,FALSE,"A3","Ascophyllum","Littorina obtusata","Smooth periwinkle","LITOBT",0,12,"No"
"NETN","ACAD","BASHAR","2013-06-21",2013,FALSE,"A4","Ascophyllum","Littorina littorea","Common periwinkle","LITLIT",0,20,"Yes"
"NETN","ACAD","BASHAR","2013-06-21",2013,FALSE,"A4","Ascophyllum","Littorina obtusata","Smooth periwinkle","LITOBT",1,6,"Yes"
"NETN","ACAD","BASHAR","2013-06-24",2013,TRUE,"A4","Ascophyllum","Littorina littorea","Common periwinkle","LITLIT",1,29,"Yes"
"NETN","ACAD","BASHAR","2013-06-24",2013,TRUE,"A4","Ascophyllum","Littorina obtusata","Smooth periwinkle","LITOBT",5,15,"Yes"
"NETN","ACAD","BASHAR","2013-06-24",2013,TRUE,"A4","Ascophyllum","Nucella lapillus","Dogwhelk","NUCLAP",0,1,"Yes"
"NETN","ACAD","BASHAR","2014-06-21",2014,FALSE,"A4","Ascophyllum","Littorina littorea","Common periwinkle","LITLIT",0,35,"Yes"
"NETN","ACAD","BASHAR","2014-06-21",2014,FALSE,"A4","Ascophyllum","Littorina obtusata","Smooth periwinkle","LITOBT",0,22,"Yes"
"NETN","ACAD","BASHAR","2014-06-21",2014,FALSE,"A4","Ascophyllum","Nucella lapillus","Dogwhelk","NUCLAP",0,1,"Yes"
"NETN","ACAD","BASHAR","2015-06-12",2015,FALSE,"A4","Ascophyllum","Littorina littorea","Common periwinkle","LITLIT",4,98,"No"
"NETN","ACAD","BASHAR","2015-06-12",2015,FALSE,"A4","Ascophyllum","Littorina obtusata","Smooth periwinkle","LITOBT",2,27,"No"
"NETN","ACAD","BASHAR","2016-06-28",2016,FALSE,"A4","Ascophyllum","Littorina littorea","Common periwinkle","LITLIT",5,113,"No"
"NETN","ACAD","BASHAR","2016-06-28",2016,FALSE,"A4","Ascophyllum","Littorina obtusata","Smooth periwinkle","LITOBT",1,52,"No"
"NETN","ACAD","BASHAR","2016-06-28",2016,FALSE,"A4","Ascophyllum","Nucella lapillus","Dogwhelk","NUCLAP",1,1,"No"
"NETN","ACAD","BASHAR","2017-06-25",2017,FALSE,"A4","Ascophyllum","Littorina littorea","Common periwinkle","LITLIT",3,134,"No"
"NETN","ACAD","BASHAR","2017-06-25",2017,FALSE,"A4","Ascophyllum","Littorina obtusata","Smooth periwinkle","LITOBT",1,19,"No"
"NETN","ACAD","BASHAR","2018-05-18",2018,FALSE,"A4","Ascophyllum","Littorina littorea","Common periwinkle","LITLIT",1,96,"No"
"NETN","ACAD","BASHAR","2018-05-18",2018,FALSE,"A4","Ascophyllum","Littorina obtusata","Smooth periwinkle","LITOBT",2,11,"No"
"NETN","ACAD","BASHAR","2018-05-18",2018,FALSE,"A4","Ascophyllum","Nucella lapillus","Dogwhelk","NUCLAP",0,1,"No"
"NETN","ACAD","BASHAR","2019-06-11",2019,FALSE,"A4","Ascophyllum","Carcinus maenas","Green crab","CARMAE",0,2,"No"
"NETN","ACAD","BASHAR","2019-06-11",2019,FALSE,"A4","Ascophyllum","Littorina littorea","Common periwinkle","LITLIT",0,92,"No"
"NETN","ACAD","BASHAR","2019-06-11",2019,FALSE,"A4","Ascophyllum","Littorina obtusata","Smooth periwinkle","LITOBT",0,37,"No"
"NETN","ACAD","BASHAR","2021-07-18",2021,FALSE,"A4","Ascophyllum","Carcinus maenas","Green crab","CARMAE",0,5,"No"
"NETN","ACAD","BASHAR","2021-07-18",2021,FALSE,"A4","Ascophyllum","Littorina littorea","Common periwinkle","LITLIT",9,124,"No"
"NETN","ACAD","BASHAR","2021-07-18",2021,FALSE,"A4","Ascophyllum","Littorina obtusata","Smooth periwinkle","LITOBT",1,54,"No"
"NETN","ACAD","BASHAR","2022-05-22",2022,FALSE,"A4","Ascophyllum","Carcinus maenas","Green crab","CARMAE",0,2,"No"
"NETN","ACAD","BASHAR","2022-05-22",2022,FALSE,"A4","Ascophyllum","Littorina littorea","Common periwinkle","LITLIT",0,78,"No"
"NETN","ACAD","BASHAR","2022-05-22",2022,FALSE,"A4","Ascophyllum","Littorina obtusata","Smooth periwinkle","LITOBT",0,29,"No"
"NETN","ACAD","BASHAR","2022-05-22",2022,FALSE,"A4","Ascophyllum","Nucella lapillus","Dogwhelk","NUCLAP",1,0,"No"
"NETN","ACAD","BASHAR","2023-06-12",2023,FALSE,"A4","Ascophyllum","Carcinus maenas","Green crab","CARMAE",0,3,"No"
"NETN","ACAD","BASHAR","2023-06-12",2023,FALSE,"A4","Ascophyllum","Littorina littorea","Common periwinkle","LITLIT",24,75,"No"
"NETN","ACAD","BASHAR","2023-06-12",2023,FALSE,"A4","Ascophyllum","Littorina obtusata","Smooth periwinkle","LITOBT",3,12,"No"
"NETN","ACAD","BASHAR","2023-06-12",2023,FALSE,"A4","Ascophyllum","Nucella lapillus","Dogwhelk","NUCLAP",0,1,"No"
"NETN","ACAD","BASHAR","2024-06-29",2024,FALSE,"A4","Ascophyllum","Littorina littorea","Common periwinkle","LITLIT",14,101,"No"
"NETN","ACAD","BASHAR","2024-06-29",2024,FALSE,"A4","Ascophyllum","Littorina obtusata","Smooth periwinkle","LITOBT",3,16,"No"
"NETN","ACAD","BASHAR","2013-06-21",2013,FALSE,"A5","Ascophyllum","Littorina littorea","Common periwinkle","LITLIT",1,22,"No"
"NETN","ACAD","BASHAR","2013-06-21",2013,FALSE,"A5","Ascophyllum","Littorina obtusata","Smooth periwinkle","LITOBT",0,23,"No"
"NETN","ACAD","BASHAR","2013-06-24",2013,TRUE,"A5","Ascophyllum","Littorina littorea","Common periwinkle","LITLIT",5,17,"No"
"NETN","ACAD","BASHAR","2013-06-24",2013,TRUE,"A5","Ascophyllum","Littorina obtusata","Smooth periwinkle","LITOBT",4,23,"No"
"NETN","ACAD","BASHAR","2014-06-21",2014,FALSE,"A5","Ascophyllum","Littorina littorea","Common periwinkle","LITLIT",0,49,"No"
"NETN","ACAD","BASHAR","2014-06-21",2014,FALSE,"A5","Ascophyllum","Littorina obtusata","Smooth periwinkle","LITOBT",0,22,"No"
"NETN","ACAD","BASHAR","2015-06-12",2015,FALSE,"A5","Ascophyllum","Littorina littorea","Common periwinkle","LITLIT",1,65,"No"
"NETN","ACAD","BASHAR","2015-06-12",2015,FALSE,"A5","Ascophyllum","Littorina obtusata","Smooth periwinkle","LITOBT",0,11,"No"
"NETN","ACAD","BASHAR","2016-06-28",2016,FALSE,"A5","Ascophyllum","Littorina littorea","Common periwinkle","LITLIT",4,113,"No"
"NETN","ACAD","BASHAR","2016-06-28",2016,FALSE,"A5","Ascophyllum","Littorina obtusata","Smooth periwinkle","LITOBT",2,30,"No"
"NETN","ACAD","BASHAR","2017-06-25",2017,FALSE,"A5","Ascophyllum","Littorina littorea","Common periwinkle","LITLIT",4,62,NA
"NETN","ACAD","BASHAR","2017-06-25",2017,FALSE,"A5","Ascophyllum","Littorina obtusata","Smooth periwinkle","LITOBT",0,14,NA
"NETN","ACAD","BASHAR","2017-06-25",2017,FALSE,"A5","Ascophyllum","Nucella lapillus","Dogwhelk","NUCLAP",0,2,NA
"NETN","ACAD","BASHAR","2018-05-18",2018,FALSE,"A5","Ascophyllum","Littorina littorea","Common periwinkle","LITLIT",1,65,"No"
"NETN","ACAD","BASHAR","2018-05-18",2018,FALSE,"A5","Ascophyllum","Littorina obtusata","Smooth periwinkle","LITOBT",1,15,"No"
"NETN","ACAD","BASHAR","2019-06-11",2019,FALSE,"A5","Ascophyllum","Littorina littorea","Common periwinkle","LITLIT",1,93,"No"
"NETN","ACAD","BASHAR","2019-06-11",2019,FALSE,"A5","Ascophyllum","Littorina obtusata","Smooth periwinkle","LITOBT",0,24,"No"
"NETN","ACAD","BASHAR","2021-07-18",2021,FALSE,"A5","Ascophyllum","Carcinus maenas","Green crab","CARMAE",0,4,"No"
"NETN","ACAD","BASHAR","2021-07-18",2021,FALSE,"A5","Ascophyllum","Littorina littorea","Common periwinkle","LITLIT",1,45,"No"
"NETN","ACAD","BASHAR","2021-07-18",2021,FALSE,"A5","Ascophyllum","Littorina obtusata","Smooth periwinkle","LITOBT",0,45,"No"
"NETN","ACAD","BASHAR","2022-05-22",2022,FALSE,"A5","Ascophyllum","Littorina littorea","Common periwinkle","LITLIT",3,45,"No"
"NETN","ACAD","BASHAR","2022-05-22",2022,FALSE,"A5","Ascophyllum","Littorina obtusata","Smooth periwinkle","LITOBT",1,21,"No"
"NETN","ACAD","BASHAR","2022-05-22",2022,FALSE,"A5","Ascophyllum","Nucella lapillus","Dogwhelk","NUCLAP",0,1,"No"
"NETN","ACAD","BASHAR","2023-06-12",2023,FALSE,"A5","Ascophyllum","Carcinus maenas","Green crab","CARMAE",0,3,"No"
"NETN","ACAD","BASHAR","2023-06-12",2023,FALSE,"A5","Ascophyllum","Littorina littorea","Common periwinkle","LITLIT",5,45,"No"
"NETN","ACAD","BASHAR","2023-06-12",2023,FALSE,"A5","Ascophyllum","Littorina obtusata","Smooth periwinkle","LITOBT",0,4,"No"
"NETN","ACAD","BASHAR","2024-06-29",2024,FALSE,"A5","Ascophyllum","Littorina littorea","Common periwinkle","LITLIT",14,74,"No"
"NETN","ACAD","BASHAR","2024-06-29",2024,FALSE,"A5","Ascophyllum","Littorina obtusata","Smooth periwinkle","LITOBT",2,7,"No"
"NETN","ACAD","BASHAR","2013-06-21",2013,FALSE,"B1","Barnacle","Littorina littorea","Common periwinkle","LITLIT",0,1,"No"
"NETN","ACAD","BASHAR","2013-06-24",2013,TRUE,"B1","Barnacle","Littorina saxatilis","Rough periwinkle","LITSAX",0,1,"No"
"NETN","ACAD","BASHAR","2013-06-24",2013,TRUE,"B1","Barnacle","Nucella lapillus","Dogwhelk","NUCLAP",0,1,"No"
"NETN","ACAD","BASHAR","2015-06-12",2015,FALSE,"B1","Barnacle","Littorina littorea","Common periwinkle","LITLIT",0,3,"No"
"NETN","ACAD","BASHAR","2015-06-12",2015,FALSE,"B1","Barnacle","Littorina obtusata","Smooth periwinkle","LITOBT",4,40,"No"
"NETN","ACAD","BASHAR","2015-06-12",2015,FALSE,"B1","Barnacle","Nucella lapillus","Dogwhelk","NUCLAP",1,0,"No"
"NETN","ACAD","BASHAR","2016-06-28",2016,FALSE,"B1","Barnacle","Littorina littorea","Common periwinkle","LITLIT",0,5,"No"
"NETN","ACAD","BASHAR","2016-06-28",2016,FALSE,"B1","Barnacle","Littorina obtusata","Smooth periwinkle","LITOBT",0,40,"No"
"NETN","ACAD","BASHAR","2016-06-28",2016,FALSE,"B1","Barnacle","Nucella lapillus","Dogwhelk","NUCLAP",0,8,"No"
"NETN","ACAD","BASHAR","2017-06-25",2017,FALSE,"B1","Barnacle","Littorina littorea","Common periwinkle","LITLIT",1,12,"No"
"NETN","ACAD","BASHAR","2017-06-25",2017,FALSE,"B1","Barnacle","Littorina obtusata","Smooth periwinkle","LITOBT",0,17,"No"
"NETN","ACAD","BASHAR","2018-05-18",2018,FALSE,"B1","Barnacle","Littorina littorea","Common periwinkle","LITLIT",6,47,"No"
"NETN","ACAD","BASHAR","2018-05-18",2018,FALSE,"B1","Barnacle","Littorina obtusata","Smooth periwinkle","LITOBT",7,44,"No"
"NETN","ACAD","BASHAR","2018-05-18",2018,FALSE,"B1","Barnacle","Littorina saxatilis","Rough periwinkle","LITSAX",0,5,"No"
"NETN","ACAD","BASHAR","2019-06-11",2019,FALSE,"B1","Barnacle","Littorina littorea","Common periwinkle","LITLIT",0,27,"No"
"NETN","ACAD","BASHAR","2019-06-11",2019,FALSE,"B1","Barnacle","Littorina obtusata","Smooth periwinkle","LITOBT",0,44,"No"
"NETN","ACAD","BASHAR","2019-06-11",2019,FALSE,"B1","Barnacle","Littorina saxatilis","Rough periwinkle","LITSAX",0,1,"No"
"NETN","ACAD","BASHAR","2021-07-18",2021,FALSE,"B1","Barnacle","Carcinus maenas","Green crab","CARMAE",0,2,"No"
"NETN","ACAD","BASHAR","2021-07-18",2021,FALSE,"B1","Barnacle","Littorina littorea","Common periwinkle","LITLIT",0,21,"No"
"NETN","ACAD","BASHAR","2021-07-18",2021,FALSE,"B1","Barnacle","Littorina obtusata","Smooth periwinkle","LITOBT",0,53,"No"
"NETN","ACAD","BASHAR","2021-07-18",2021,FALSE,"B1","Barnacle","Littorina saxatilis","Rough periwinkle","LITSAX",0,2,"No"
"NETN","ACAD","BASHAR","2021-07-18",2021,FALSE,"B1","Barnacle","Nucella lapillus","Dogwhelk","NUCLAP",0,2,"No"
"NETN","ACAD","BASHAR","2022-05-22",2022,FALSE,"B1","Barnacle","Littorina littorea","Common periwinkle","LITLIT",0,35,"No"
"NETN","ACAD","BASHAR","2022-05-22",2022,FALSE,"B1","Barnacle","Littorina obtusata","Smooth periwinkle","LITOBT",0,75,"No"
"NETN","ACAD","BASHAR","2022-05-22",2022,FALSE,"B1","Barnacle","Nucella lapillus","Dogwhelk","NUCLAP",0,7,"No"
"NETN","ACAD","BASHAR","2023-06-12",2023,FALSE,"B1","Barnacle","Littorina littorea","Common periwinkle","LITLIT",3,46,"No"
"NETN","ACAD","BASHAR","2023-06-12",2023,FALSE,"B1","Barnacle","Littorina obtusata","Smooth periwinkle","LITOBT",0,15,"No"
"NETN","ACAD","BASHAR","2023-06-12",2023,FALSE,"B1","Barnacle","Littorina saxatilis","Rough periwinkle","LITSAX",0,1,"No"
"NETN","ACAD","BASHAR","2024-06-29",2024,FALSE,"B1","Barnacle","Littorina littorea","Common periwinkle","LITLIT",1,18,"No"
"NETN","ACAD","BASHAR","2024-06-29",2024,FALSE,"B1","Barnacle","Littorina obtusata","Smooth periwinkle","LITOBT",1,7,"No"
"NETN","ACAD","BASHAR","2013-06-21",2013,FALSE,"B2","Barnacle","Littorina littorea","Common periwinkle","LITLIT",0,1,"No"
"NETN","ACAD","BASHAR","2013-06-21",2013,FALSE,"B2","Barnacle","Littorina obtusata","Smooth periwinkle","LITOBT",0,1,"No"
"NETN","ACAD","BASHAR","2014-06-21",2014,FALSE,"B2","Barnacle","Littorina littorea","Common periwinkle","LITLIT",0,2,"No"
"NETN","ACAD","BASHAR","2014-06-21",2014,FALSE,"B2","Barnacle","Littorina obtusata","Smooth periwinkle","LITOBT",0,1,"No"
"NETN","ACAD","BASHAR","2015-06-12",2015,FALSE,"B2","Barnacle","Littorina littorea","Common periwinkle","LITLIT",0,10,"No"
"NETN","ACAD","BASHAR","2015-06-12",2015,FALSE,"B2","Barnacle","Littorina obtusata","Smooth periwinkle","LITOBT",2,20,"No"
"NETN","ACAD","BASHAR","2016-06-28",2016,FALSE,"B2","Barnacle","Littorina littorea","Common periwinkle","LITLIT",0,2,"No"
"NETN","ACAD","BASHAR","2016-06-28",2016,FALSE,"B2","Barnacle","Littorina obtusata","Smooth periwinkle","LITOBT",0,61,"No"
"NETN","ACAD","BASHAR","2016-06-28",2016,FALSE,"B2","Barnacle","Nucella lapillus","Dogwhelk","NUCLAP",0,2,"No"
"NETN","ACAD","BASHAR","2017-06-25",2017,FALSE,"B2","Barnacle","Littorina littorea","Common periwinkle","LITLIT",1,56,"No"
"NETN","ACAD","BASHAR","2017-06-25",2017,FALSE,"B2","Barnacle","Littorina obtusata","Smooth periwinkle","LITOBT",1,47,"No"
"NETN","ACAD","BASHAR","2017-06-25",2017,FALSE,"B2","Barnacle","Nucella lapillus","Dogwhelk","NUCLAP",0,3,"No"
"NETN","ACAD","BASHAR","2018-05-18",2018,FALSE,"B2","Barnacle","Littorina littorea","Common periwinkle","LITLIT",4,52,"No"
"NETN","ACAD","BASHAR","2018-05-18",2018,FALSE,"B2","Barnacle","Littorina obtusata","Smooth periwinkle","LITOBT",6,25,"No"
"NETN","ACAD","BASHAR","2019-06-11",2019,FALSE,"B2","Barnacle","Littorina littorea","Common periwinkle","LITLIT",1,41,"No"
"NETN","ACAD","BASHAR","2019-06-11",2019,FALSE,"B2","Barnacle","Littorina obtusata","Smooth periwinkle","LITOBT",1,43,"No"
"NETN","ACAD","BASHAR","2019-06-11",2019,FALSE,"B2","Barnacle","Nucella lapillus","Dogwhelk","NUCLAP",0,4,"No"
"NETN","ACAD","BASHAR","2021-07-18",2021,FALSE,"B2","Barnacle","Carcinus maenas","Green crab","CARMAE",0,1,"No"
"NETN","ACAD","BASHAR","2021-07-18",2021,FALSE,"B2","Barnacle","Littorina littorea","Common periwinkle","LITLIT",0,54,"No"
"NETN","ACAD","BASHAR","2021-07-18",2021,FALSE,"B2","Barnacle","Littorina obtusata","Smooth periwinkle","LITOBT",0,91,"No"
"NETN","ACAD","BASHAR","2021-07-18",2021,FALSE,"B2","Barnacle","Nucella lapillus","Dogwhelk","NUCLAP",0,4,"No"
"NETN","ACAD","BASHAR","2022-05-22",2022,FALSE,"B2","Barnacle","Littorina littorea","Common periwinkle","LITLIT",0,20,"No"
"NETN","ACAD","BASHAR","2022-05-22",2022,FALSE,"B2","Barnacle","Littorina obtusata","Smooth periwinkle","LITOBT",0,24,"No"
"NETN","ACAD","BASHAR","2022-05-22",2022,FALSE,"B2","Barnacle","Nucella lapillus","Dogwhelk","NUCLAP",0,1,"No"
"NETN","ACAD","BASHAR","2023-06-12",2023,FALSE,"B2","Barnacle","Carcinus maenas","Green crab","CARMAE",0,1,"No"
"NETN","ACAD","BASHAR","2023-06-12",2023,FALSE,"B2","Barnacle","Littorina littorea","Common periwinkle","LITLIT",1,23,"No"
"NETN","ACAD","BASHAR","2023-06-12",2023,FALSE,"B2","Barnacle","Littorina obtusata","Smooth periwinkle","LITOBT",0,10,"No"
"NETN","ACAD","BASHAR","2023-06-12",2023,FALSE,"B2","Barnacle","Nucella lapillus","Dogwhelk","NUCLAP",0,2,"No"
"NETN","ACAD","BASHAR","2024-06-29",2024,FALSE,"B2","Barnacle","Carcinus maenas","Green crab","CARMAE",0,1,"No"
"NETN","ACAD","BASHAR","2024-06-29",2024,FALSE,"B2","Barnacle","Littorina littorea","Common periwinkle","LITLIT",0,25,"No"
"NETN","ACAD","BASHAR","2024-06-29",2024,FALSE,"B2","Barnacle","Littorina obtusata","Smooth periwinkle","LITOBT",0,13,"No"
"NETN","ACAD","BASHAR","2024-06-29",2024,FALSE,"B2","Barnacle","Littorina saxatilis","Rough periwinkle","LITSAX",0,1,"No"
"NETN","ACAD","BASHAR","2024-06-29",2024,FALSE,"B2","Barnacle","Nucella lapillus","Dogwhelk","NUCLAP",0,2,"No"
"NETN","ACAD","BASHAR","2014-06-21",2014,FALSE,"B3","Barnacle","Littorina obtusata","Smooth periwinkle","LITOBT",1,4,"No"
"NETN","ACAD","BASHAR","2015-06-12",2015,FALSE,"B3","Barnacle","Littorina littorea","Common periwinkle","LITLIT",0,1,"No"
"NETN","ACAD","BASHAR","2015-06-12",2015,FALSE,"B3","Barnacle","Littorina obtusata","Smooth periwinkle","LITOBT",0,10,"No"
"NETN","ACAD","BASHAR","2016-06-28",2016,FALSE,"B3","Barnacle","Littorina littorea","Common periwinkle","LITLIT",0,3,"No"
"NETN","ACAD","BASHAR","2016-06-28",2016,FALSE,"B3","Barnacle","Littorina obtusata","Smooth periwinkle","LITOBT",0,20,"No"
"NETN","ACAD","BASHAR","2016-06-28",2016,FALSE,"B3","Barnacle","Nucella lapillus","Dogwhelk","NUCLAP",0,11,"No"
"NETN","ACAD","BASHAR","2017-06-25",2017,FALSE,"B3","Barnacle","Littorina littorea","Common periwinkle","LITLIT",1,57,"No"
"NETN","ACAD","BASHAR","2017-06-25",2017,FALSE,"B3","Barnacle","Littorina obtusata","Smooth periwinkle","LITOBT",0,21,"No"
"NETN","ACAD","BASHAR","2018-05-18",2018,FALSE,"B3","Barnacle","Littorina littorea","Common periwinkle","LITLIT",2,51,"No"
"NETN","ACAD","BASHAR","2018-05-18",2018,FALSE,"B3","Barnacle","Littorina obtusata","Smooth periwinkle","LITOBT",4,23,"No"
"NETN","ACAD","BASHAR","2018-05-18",2018,FALSE,"B3","Barnacle","Littorina saxatilis","Rough periwinkle","LITSAX",0,1,"No"
"NETN","ACAD","BASHAR","2019-06-11",2019,FALSE,"B3","Barnacle","Littorina littorea","Common periwinkle","LITLIT",0,17,"No"
"NETN","ACAD","BASHAR","2019-06-11",2019,FALSE,"B3","Barnacle","Littorina obtusata","Smooth periwinkle","LITOBT",0,39,"No"
"NETN","ACAD","BASHAR","2019-06-11",2019,FALSE,"B3","Barnacle","Nucella lapillus","Dogwhelk","NUCLAP",0,6,"No"
"NETN","ACAD","BASHAR","2021-07-18",2021,FALSE,"B3","Barnacle","Carcinus maenas","Green crab","CARMAE",0,9,"No"
"NETN","ACAD","BASHAR","2021-07-18",2021,FALSE,"B3","Barnacle","Littorina littorea","Common periwinkle","LITLIT",0,9,"No"
"NETN","ACAD","BASHAR","2021-07-18",2021,FALSE,"B3","Barnacle","Littorina obtusata","Smooth periwinkle","LITOBT",0,11,"No"
"NETN","ACAD","BASHAR","2022-05-22",2022,FALSE,"B3","Barnacle","Littorina littorea","Common periwinkle","LITLIT",1,31,"No"
"NETN","ACAD","BASHAR","2022-05-22",2022,FALSE,"B3","Barnacle","Littorina obtusata","Smooth periwinkle","LITOBT",0,45,"No"
"NETN","ACAD","BASHAR","2022-05-22",2022,FALSE,"B3","Barnacle","Nucella lapillus","Dogwhelk","NUCLAP",0,4,"No"
"NETN","ACAD","BASHAR","2023-06-12",2023,FALSE,"B3","Barnacle","Littorina littorea","Common periwinkle","LITLIT",1,23,"No"
"NETN","ACAD","BASHAR","2023-06-12",2023,FALSE,"B3","Barnacle","Littorina obtusata","Smooth periwinkle","LITOBT",0,8,"No"
"NETN","ACAD","BASHAR","2023-06-12",2023,FALSE,"B3","Barnacle","Nucella lapillus","Dogwhelk","NUCLAP",0,1,"No"
"NETN","ACAD","BASHAR","2024-06-29",2024,FALSE,"B3","Barnacle","Carcinus maenas","Green crab","CARMAE",0,2,"No"
"NETN","ACAD","BASHAR","2024-06-29",2024,FALSE,"B3","Barnacle","Littorina littorea","Common periwinkle","LITLIT",0,25,"No"
"NETN","ACAD","BASHAR","2024-06-29",2024,FALSE,"B3","Barnacle","Littorina obtusata","Smooth periwinkle","LITOBT",0,5,"No"
"NETN","ACAD","BASHAR","2024-06-29",2024,FALSE,"B3","Barnacle","Nucella lapillus","Dogwhelk","NUCLAP",0,1,"No"
"NETN","ACAD","BASHAR","2013-06-24",2013,TRUE,"B4","Barnacle","Littorina obtusata","Smooth periwinkle","LITOBT",0,1,"No"
"NETN","ACAD","BASHAR","2013-06-24",2013,TRUE,"B4","Barnacle","Littorina saxatilis","Rough periwinkle","LITSAX",0,1,"No"
"NETN","ACAD","BASHAR","2014-06-21",2014,FALSE,"B4","Barnacle","Littorina littorea","Common periwinkle","LITLIT",0,1,"No"
"NETN","ACAD","BASHAR","2014-06-21",2014,FALSE,"B4","Barnacle","Littorina obtusata","Smooth periwinkle","LITOBT",2,0,"No"
"NETN","ACAD","BASHAR","2015-06-12",2015,FALSE,"B4","Barnacle","Littorina littorea","Common periwinkle","LITLIT",0,1,"No"
"NETN","ACAD","BASHAR","2015-06-12",2015,FALSE,"B4","Barnacle","Littorina obtusata","Smooth periwinkle","LITOBT",2,19,"No"
"NETN","ACAD","BASHAR","2015-06-12",2015,FALSE,"B4","Barnacle","Nucella lapillus","Dogwhelk","NUCLAP",0,2,"No"
"NETN","ACAD","BASHAR","2016-06-28",2016,FALSE,"B4","Barnacle","Littorina littorea","Common periwinkle","LITLIT",0,4,"No"
"NETN","ACAD","BASHAR","2016-06-28",2016,FALSE,"B4","Barnacle","Littorina obtusata","Smooth periwinkle","LITOBT",0,21,"No"
"NETN","ACAD","BASHAR","2016-06-28",2016,FALSE,"B4","Barnacle","Nucella lapillus","Dogwhelk","NUCLAP",1,4,"No"
"NETN","ACAD","BASHAR","2016-06-28",2016,FALSE,"B4","Barnacle","Testudinalia testudinalis","Limpet","TECTES",0,1,"No"
"NETN","ACAD","BASHAR","2017-06-25",2017,FALSE,"B4","Barnacle","Littorina littorea","Common periwinkle","LITLIT",1,25,"No"
"NETN","ACAD","BASHAR","2017-06-25",2017,FALSE,"B4","Barnacle","Littorina obtusata","Smooth periwinkle","LITOBT",1,26,"No"
"NETN","ACAD","BASHAR","2017-06-25",2017,FALSE,"B4","Barnacle","Littorina saxatilis","Rough periwinkle","LITSAX",0,1,"No"
"NETN","ACAD","BASHAR","2018-05-18",2018,FALSE,"B4","Barnacle","Littorina littorea","Common periwinkle","LITLIT",1,28,"No"
"NETN","ACAD","BASHAR","2018-05-18",2018,FALSE,"B4","Barnacle","Littorina obtusata","Smooth periwinkle","LITOBT",2,29,"No"
"NETN","ACAD","BASHAR","2018-05-18",2018,FALSE,"B4","Barnacle","Littorina saxatilis","Rough periwinkle","LITSAX",0,1,"No"
"NETN","ACAD","BASHAR","2019-06-11",2019,FALSE,"B4","Barnacle","Littorina littorea","Common periwinkle","LITLIT",3,19,"No"
"NETN","ACAD","BASHAR","2019-06-11",2019,FALSE,"B4","Barnacle","Littorina obtusata","Smooth periwinkle","LITOBT",0,56,"No"
"NETN","ACAD","BASHAR","2019-06-11",2019,FALSE,"B4","Barnacle","Littorina saxatilis","Rough periwinkle","LITSAX",0,1,"No"
"NETN","ACAD","BASHAR","2019-06-11",2019,FALSE,"B4","Barnacle","Nucella lapillus","Dogwhelk","NUCLAP",0,1,"No"
"NETN","ACAD","BASHAR","2021-07-18",2021,FALSE,"B4","Barnacle","Littorina littorea","Common periwinkle","LITLIT",0,18,"No"
"NETN","ACAD","BASHAR","2021-07-18",2021,FALSE,"B4","Barnacle","Littorina obtusata","Smooth periwinkle","LITOBT",0,28,"No"
"NETN","ACAD","BASHAR","2021-07-18",2021,FALSE,"B4","Barnacle","Littorina saxatilis","Rough periwinkle","LITSAX",0,1,"No"
"NETN","ACAD","BASHAR","2021-07-18",2021,FALSE,"B4","Barnacle","Nucella lapillus","Dogwhelk","NUCLAP",0,2,"No"
"NETN","ACAD","BASHAR","2022-05-22",2022,FALSE,"B4","Barnacle","Littorina littorea","Common periwinkle","LITLIT",1,29,"No"
"NETN","ACAD","BASHAR","2022-05-22",2022,FALSE,"B4","Barnacle","Littorina obtusata","Smooth periwinkle","LITOBT",0,72,"No"
"NETN","ACAD","BASHAR","2022-05-22",2022,FALSE,"B4","Barnacle","Littorina saxatilis","Rough periwinkle","LITSAX",0,2,"No"
"NETN","ACAD","BASHAR","2022-05-22",2022,FALSE,"B4","Barnacle","Nucella lapillus","Dogwhelk","NUCLAP",0,11,"No"
"NETN","ACAD","BASHAR","2024-06-29",2024,FALSE,"B4","Barnacle","Carcinus maenas","Green crab","CARMAE",0,1,"No"
"NETN","ACAD","BASHAR","2024-06-29",2024,FALSE,"B4","Barnacle","Littorina littorea","Common periwinkle","LITLIT",0,8,"No"
"NETN","ACAD","BASHAR","2024-06-29",2024,FALSE,"B4","Barnacle","Littorina obtusata","Smooth periwinkle","LITOBT",0,5,"No"
"NETN","ACAD","BASHAR","2024-06-29",2024,FALSE,"B4","Barnacle","Nucella lapillus","Dogwhelk","NUCLAP",0,4,"No"
"NETN","ACAD","BASHAR","2015-06-12",2015,FALSE,"B5","Barnacle","Littorina obtusata","Smooth periwinkle","LITOBT",1,10,"No"
"NETN","ACAD","BASHAR","2016-06-28",2016,FALSE,"B5","Barnacle","Littorina littorea","Common periwinkle","LITLIT",0,1,"No"
"NETN","ACAD","BASHAR","2016-06-28",2016,FALSE,"B5","Barnacle","Littorina obtusata","Smooth periwinkle","LITOBT",0,26,"No"
"NETN","ACAD","BASHAR","2017-06-25",2017,FALSE,"B5","Barnacle","Littorina littorea","Common periwinkle","LITLIT",0,5,"No"
"NETN","ACAD","BASHAR","2018-05-18",2018,FALSE,"B5","Barnacle","Littorina littorea","Common periwinkle","LITLIT",1,10,"No"
"NETN","ACAD","BASHAR","2018-05-18",2018,FALSE,"B5","Barnacle","Littorina obtusata","Smooth periwinkle","LITOBT",2,20,"No"
"NETN","ACAD","BASHAR","2019-06-11",2019,FALSE,"B5","Barnacle","Littorina littorea","Common periwinkle","LITLIT",2,14,"No"
"NETN","ACAD","BASHAR","2019-06-11",2019,FALSE,"B5","Barnacle","Littorina obtusata","Smooth periwinkle","LITOBT",0,9,"No"
"NETN","ACAD","BASHAR","2019-06-11",2019,FALSE,"B5","Barnacle","Nucella lapillus","Dogwhelk","NUCLAP",0,1,"No"
"NETN","ACAD","BASHAR","2021-07-18",2021,FALSE,"B5","Barnacle","Carcinus maenas","Green crab","CARMAE",0,1,"No"
"NETN","ACAD","BASHAR","2021-07-18",2021,FALSE,"B5","Barnacle","Littorina littorea","Common periwinkle","LITLIT",0,7,"No"
"NETN","ACAD","BASHAR","2021-07-18",2021,FALSE,"B5","Barnacle","Littorina obtusata","Smooth periwinkle","LITOBT",1,13,"No"
"NETN","ACAD","BASHAR","2021-07-18",2021,FALSE,"B5","Barnacle","Littorina saxatilis","Rough periwinkle","LITSAX",0,1,"No"
"NETN","ACAD","BASHAR","2021-07-18",2021,FALSE,"B5","Barnacle","Nucella lapillus","Dogwhelk","NUCLAP",0,1,"No"
"NETN","ACAD","BASHAR","2021-07-18",2021,FALSE,"B5","Barnacle","Testudinalia testudinalis","Limpet","TECTES",1,0,"No"
"NETN","ACAD","BASHAR","2022-05-22",2022,FALSE,"B5","Barnacle","Littorina littorea","Common periwinkle","LITLIT",0,47,"No"
"NETN","ACAD","BASHAR","2022-05-22",2022,FALSE,"B5","Barnacle","Littorina obtusata","Smooth periwinkle","LITOBT",0,107,"No"
"NETN","ACAD","BASHAR","2022-05-22",2022,FALSE,"B5","Barnacle","Littorina saxatilis","Rough periwinkle","LITSAX",0,1,"No"
"NETN","ACAD","BASHAR","2023-06-12",2023,FALSE,"B5","Barnacle","Carcinus maenas","Green crab","CARMAE",0,1,"No"
"NETN","ACAD","BASHAR","2023-06-12",2023,FALSE,"B5","Barnacle","Littorina littorea","Common periwinkle","LITLIT",0,21,"No"
"NETN","ACAD","BASHAR","2023-06-12",2023,FALSE,"B5","Barnacle","Littorina obtusata","Smooth periwinkle","LITOBT",0,6,"No"
"NETN","ACAD","BASHAR","2023-06-12",2023,FALSE,"B5","Barnacle","Nucella lapillus","Dogwhelk","NUCLAP",0,3,"No"
"NETN","ACAD","BASHAR","2024-06-29",2024,FALSE,"B5","Barnacle","Littorina littorea","Common periwinkle","LITLIT",0,17,"No"
"NETN","ACAD","BASHAR","2024-06-29",2024,FALSE,"B5","Barnacle","Littorina obtusata","Smooth periwinkle","LITOBT",0,17,"No"
"NETN","ACAD","BASHAR","2024-06-29",2024,FALSE,"B5","Barnacle","Nucella lapillus","Dogwhelk","NUCLAP",0,7,"No"
"NETN","ACAD","BASHAR","2013-06-21",2013,FALSE,"F1","Fucus","Littorina littorea","Common periwinkle","LITLIT",2,30,"No"
"NETN","ACAD","BASHAR","2013-06-21",2013,FALSE,"F1","Fucus","Littorina obtusata","Smooth periwinkle","LITOBT",1,40,"No"
"NETN","ACAD","BASHAR","2013-06-21",2013,FALSE,"F1","Fucus","Testudinalia testudinalis","Limpet","TECTES",0,11,"No"
"NETN","ACAD","BASHAR","2013-06-24",2013,TRUE,"F1","Fucus","Littorina littorea","Common periwinkle","LITLIT",2,18,"No"
"NETN","ACAD","BASHAR","2013-06-24",2013,TRUE,"F1","Fucus","Littorina obtusata","Smooth periwinkle","LITOBT",0,31,"No"
"NETN","ACAD","BASHAR","2013-06-24",2013,TRUE,"F1","Fucus","Nucella lapillus","Dogwhelk","NUCLAP",0,5,"No"
"NETN","ACAD","BASHAR","2013-06-24",2013,TRUE,"F1","Fucus","Testudinalia testudinalis","Limpet","TECTES",0,4,"No"
"NETN","ACAD","BASHAR","2014-06-21",2014,FALSE,"F1","Fucus","Littorina littorea","Common periwinkle","LITLIT",0,43,"No"
"NETN","ACAD","BASHAR","2014-06-21",2014,FALSE,"F1","Fucus","Littorina obtusata","Smooth periwinkle","LITOBT",0,58,"No"
"NETN","ACAD","BASHAR","2014-06-21",2014,FALSE,"F1","Fucus","Testudinalia testudinalis","Limpet","TECTES",0,12,"No"
"NETN","ACAD","BASHAR","2015-06-12",2015,FALSE,"F1","Fucus","Littorina littorea","Common periwinkle","LITLIT",0,10,"No"
"NETN","ACAD","BASHAR","2015-06-12",2015,FALSE,"F1","Fucus","Littorina obtusata","Smooth periwinkle","LITOBT",3,31,"No"
"NETN","ACAD","BASHAR","2015-06-12",2015,FALSE,"F1","Fucus","Nucella lapillus","Dogwhelk","NUCLAP",0,1,"No"
"NETN","ACAD","BASHAR","2015-06-12",2015,FALSE,"F1","Fucus","Testudinalia testudinalis","Limpet","TECTES",0,31,"No"
"NETN","ACAD","BASHAR","2016-06-28",2016,FALSE,"F1","Fucus","Littorina littorea","Common periwinkle","LITLIT",0,84,"No"
"NETN","ACAD","BASHAR","2016-06-28",2016,FALSE,"F1","Fucus","Littorina obtusata","Smooth periwinkle","LITOBT",0,74,"No"
"NETN","ACAD","BASHAR","2016-06-28",2016,FALSE,"F1","Fucus","Nucella lapillus","Dogwhelk","NUCLAP",0,2,"No"
"NETN","ACAD","BASHAR","2017-06-25",2017,FALSE,"F1","Fucus","Littorina littorea","Common periwinkle","LITLIT",0,96,"No"
"NETN","ACAD","BASHAR","2017-06-25",2017,FALSE,"F1","Fucus","Littorina obtusata","Smooth periwinkle","LITOBT",0,19,"No"
"NETN","ACAD","BASHAR","2017-06-25",2017,FALSE,"F1","Fucus","Nucella lapillus","Dogwhelk","NUCLAP",0,9,"No"
"NETN","ACAD","BASHAR","2017-06-25",2017,FALSE,"F1","Fucus","Testudinalia testudinalis","Limpet","TECTES",0,2,"No"
"NETN","ACAD","BASHAR","2018-05-18",2018,FALSE,"F1","Fucus","Littorina littorea","Common periwinkle","LITLIT",4,66,"No"
"NETN","ACAD","BASHAR","2018-05-18",2018,FALSE,"F1","Fucus","Littorina obtusata","Smooth periwinkle","LITOBT",0,18,"No"
"NETN","ACAD","BASHAR","2018-05-18",2018,FALSE,"F1","Fucus","Nucella lapillus","Dogwhelk","NUCLAP",0,1,"No"
"NETN","ACAD","BASHAR","2018-05-18",2018,FALSE,"F1","Fucus","Testudinalia testudinalis","Limpet","TECTES",0,1,"No"
"NETN","ACAD","BASHAR","2019-06-11",2019,FALSE,"F1","Fucus","Carcinus maenas","Green crab","CARMAE",0,1,"No"
"NETN","ACAD","BASHAR","2019-06-11",2019,FALSE,"F1","Fucus","Littorina littorea","Common periwinkle","LITLIT",0,116,"No"
"NETN","ACAD","BASHAR","2019-06-11",2019,FALSE,"F1","Fucus","Littorina obtusata","Smooth periwinkle","LITOBT",0,38,"No"
"NETN","ACAD","BASHAR","2019-06-11",2019,FALSE,"F1","Fucus","Testudinalia testudinalis","Limpet","TECTES",0,6,"No"
"NETN","ACAD","BASHAR","2021-07-18",2021,FALSE,"F1","Fucus","Carcinus maenas","Green crab","CARMAE",0,3,"No"
"NETN","ACAD","BASHAR","2021-07-18",2021,FALSE,"F1","Fucus","Littorina littorea","Common periwinkle","LITLIT",2,131,"No"
"NETN","ACAD","BASHAR","2021-07-18",2021,FALSE,"F1","Fucus","Littorina obtusata","Smooth periwinkle","LITOBT",1,90,"No"
"NETN","ACAD","BASHAR","2021-07-18",2021,FALSE,"F1","Fucus","Nucella lapillus","Dogwhelk","NUCLAP",0,6,"No"
"NETN","ACAD","BASHAR","2021-07-18",2021,FALSE,"F1","Fucus","Testudinalia testudinalis","Limpet","TECTES",0,1,"No"
"NETN","ACAD","BASHAR","2022-05-22",2022,FALSE,"F1","Fucus","Carcinus maenas","Green crab","CARMAE",0,3,"No"
"NETN","ACAD","BASHAR","2022-05-22",2022,FALSE,"F1","Fucus","Littorina littorea","Common periwinkle","LITLIT",0,234,"No"
"NETN","ACAD","BASHAR","2022-05-22",2022,FALSE,"F1","Fucus","Littorina obtusata","Smooth periwinkle","LITOBT",0,46,"No"
"NETN","ACAD","BASHAR","2022-05-22",2022,FALSE,"F1","Fucus","Nucella lapillus","Dogwhelk","NUCLAP",1,2,"No"
"NETN","ACAD","BASHAR","2022-05-22",2022,FALSE,"F1","Fucus","Testudinalia testudinalis","Limpet","TECTES",0,2,"No"
"NETN","ACAD","BASHAR","2023-06-12",2023,FALSE,"F1","Fucus","Carcinus maenas","Green crab","CARMAE",0,4,"No"
"NETN","ACAD","BASHAR","2023-06-12",2023,FALSE,"F1","Fucus","Littorina littorea","Common periwinkle","LITLIT",11,188,"No"
"NETN","ACAD","BASHAR","2023-06-12",2023,FALSE,"F1","Fucus","Littorina obtusata","Smooth periwinkle","LITOBT",3,24,"No"
"NETN","ACAD","BASHAR","2023-06-12",2023,FALSE,"F1","Fucus","Nucella lapillus","Dogwhelk","NUCLAP",0,5,"No"
"NETN","ACAD","BASHAR","2023-06-12",2023,FALSE,"F1","Fucus","Testudinalia testudinalis","Limpet","TECTES",0,2,"No"
"NETN","ACAD","BASHAR","2024-06-29",2024,FALSE,"F1","Fucus","Carcinus maenas","Green crab","CARMAE",0,1,"No"
"NETN","ACAD","BASHAR","2024-06-29",2024,FALSE,"F1","Fucus","Littorina littorea","Common periwinkle","LITLIT",1,116,"No"
"NETN","ACAD","BASHAR","2024-06-29",2024,FALSE,"F1","Fucus","Littorina obtusata","Smooth periwinkle","LITOBT",1,18,"No"
"NETN","ACAD","BASHAR","2024-06-29",2024,FALSE,"F1","Fucus","Testudinalia testudinalis","Limpet","TECTES",0,2,"No"
"NETN","ACAD","BASHAR","2013-06-21",2013,FALSE,"F2","Fucus","Littorina littorea","Common periwinkle","LITLIT",0,5,"No"
"NETN","ACAD","BASHAR","2013-06-21",2013,FALSE,"F2","Fucus","Littorina obtusata","Smooth periwinkle","LITOBT",1,80,"No"
"NETN","ACAD","BASHAR","2013-06-21",2013,FALSE,"F2","Fucus","Nucella lapillus","Dogwhelk","NUCLAP",0,6,"No"
"NETN","ACAD","BASHAR","2013-06-21",2013,FALSE,"F2","Fucus","Testudinalia testudinalis","Limpet","TECTES",0,3,"No"
"NETN","ACAD","BASHAR","2013-06-24",2013,TRUE,"F2","Fucus","Littorina obtusata","Smooth periwinkle","LITOBT",0,16,"Yes"
"NETN","ACAD","BASHAR","2013-06-24",2013,TRUE,"F2","Fucus","Nucella lapillus","Dogwhelk","NUCLAP",0,1,"Yes"
"NETN","ACAD","BASHAR","2014-06-21",2014,FALSE,"F2","Fucus","Littorina littorea","Common periwinkle","LITLIT",0,10,"No"
"NETN","ACAD","BASHAR","2014-06-21",2014,FALSE,"F2","Fucus","Littorina obtusata","Smooth periwinkle","LITOBT",0,47,"No"
"NETN","ACAD","BASHAR","2014-06-21",2014,FALSE,"F2","Fucus","Nucella lapillus","Dogwhelk","NUCLAP",0,1,"No"
"NETN","ACAD","BASHAR","2014-06-21",2014,FALSE,"F2","Fucus","Testudinalia testudinalis","Limpet","TECTES",0,4,"No"
"NETN","ACAD","BASHAR","2015-06-12",2015,FALSE,"F2","Fucus","Littorina littorea","Common periwinkle","LITLIT",1,29,"No"
"NETN","ACAD","BASHAR","2015-06-12",2015,FALSE,"F2","Fucus","Littorina obtusata","Smooth periwinkle","LITOBT",2,26,"No"
"NETN","ACAD","BASHAR","2015-06-12",2015,FALSE,"F2","Fucus","Nucella lapillus","Dogwhelk","NUCLAP",1,1,"No"
"NETN","ACAD","BASHAR","2016-06-28",2016,FALSE,"F2","Fucus","Littorina littorea","Common periwinkle","LITLIT",1,42,"No"
"NETN","ACAD","BASHAR","2016-06-28",2016,FALSE,"F2","Fucus","Littorina obtusata","Smooth periwinkle","LITOBT",2,103,"No"
"NETN","ACAD","BASHAR","2016-06-28",2016,FALSE,"F2","Fucus","Littorina saxatilis","Rough periwinkle","LITSAX",0,1,"No"
"NETN","ACAD","BASHAR","2016-06-28",2016,FALSE,"F2","Fucus","Nucella lapillus","Dogwhelk","NUCLAP",0,6,"No"
"NETN","ACAD","BASHAR","2016-06-28",2016,FALSE,"F2","Fucus","Testudinalia testudinalis","Limpet","TECTES",0,1,"No"
"NETN","ACAD","BASHAR","2017-06-25",2017,FALSE,"F2","Fucus","Littorina littorea","Common periwinkle","LITLIT",0,71,"No"
"NETN","ACAD","BASHAR","2017-06-25",2017,FALSE,"F2","Fucus","Littorina obtusata","Smooth periwinkle","LITOBT",0,35,"No"
"NETN","ACAD","BASHAR","2017-06-25",2017,FALSE,"F2","Fucus","Nucella lapillus","Dogwhelk","NUCLAP",0,4,"No"
"NETN","ACAD","BASHAR","2018-05-18",2018,FALSE,"F2","Fucus","Littorina littorea","Common periwinkle","LITLIT",1,100,"No"
"NETN","ACAD","BASHAR","2018-05-18",2018,FALSE,"F2","Fucus","Littorina obtusata","Smooth periwinkle","LITOBT",1,29,"No"
"NETN","ACAD","BASHAR","2018-05-18",2018,FALSE,"F2","Fucus","Nucella lapillus","Dogwhelk","NUCLAP",0,1,"No"
"NETN","ACAD","BASHAR","2018-05-18",2018,FALSE,"F2","Fucus","Testudinalia testudinalis","Limpet","TECTES",0,1,"No"
"NETN","ACAD","BASHAR","2019-06-11",2019,FALSE,"F2","Fucus","Littorina littorea","Common periwinkle","LITLIT",1,85,"No"
"NETN","ACAD","BASHAR","2019-06-11",2019,FALSE,"F2","Fucus","Littorina obtusata","Smooth periwinkle","LITOBT",0,34,"No"
"NETN","ACAD","BASHAR","2019-06-11",2019,FALSE,"F2","Fucus","Nucella lapillus","Dogwhelk","NUCLAP",0,1,"No"
"NETN","ACAD","BASHAR","2021-07-18",2021,FALSE,"F2","Fucus","Carcinus maenas","Green crab","CARMAE",0,5,"No"
"NETN","ACAD","BASHAR","2021-07-18",2021,FALSE,"F2","Fucus","Littorina littorea","Common periwinkle","LITLIT",0,90,"No"
"NETN","ACAD","BASHAR","2021-07-18",2021,FALSE,"F2","Fucus","Littorina obtusata","Smooth periwinkle","LITOBT",0,87,"No"
"NETN","ACAD","BASHAR","2021-07-18",2021,FALSE,"F2","Fucus","Nucella lapillus","Dogwhelk","NUCLAP",0,2,"No"
"NETN","ACAD","BASHAR","2022-05-22",2022,FALSE,"F2","Fucus","Carcinus maenas","Green crab","CARMAE",0,1,"No"
"NETN","ACAD","BASHAR","2022-05-22",2022,FALSE,"F2","Fucus","Littorina littorea","Common periwinkle","LITLIT",4,123,"No"
"NETN","ACAD","BASHAR","2022-05-22",2022,FALSE,"F2","Fucus","Littorina obtusata","Smooth periwinkle","LITOBT",0,44,"No"
"NETN","ACAD","BASHAR","2022-05-22",2022,FALSE,"F2","Fucus","Littorina saxatilis","Rough periwinkle","LITSAX",0,2,"No"
"NETN","ACAD","BASHAR","2022-05-22",2022,FALSE,"F2","Fucus","Nucella lapillus","Dogwhelk","NUCLAP",0,2,"No"
"NETN","ACAD","BASHAR","2022-05-22",2022,FALSE,"F2","Fucus","Testudinalia testudinalis","Limpet","TECTES",0,2,"No"
"NETN","ACAD","BASHAR","2023-06-12",2023,FALSE,"F2","Fucus","Carcinus maenas","Green crab","CARMAE",0,1,"No"
"NETN","ACAD","BASHAR","2023-06-12",2023,FALSE,"F2","Fucus","Littorina littorea","Common periwinkle","LITLIT",1,148,"No"
"NETN","ACAD","BASHAR","2023-06-12",2023,FALSE,"F2","Fucus","Littorina obtusata","Smooth periwinkle","LITOBT",0,37,"No"
"NETN","ACAD","BASHAR","2023-06-12",2023,FALSE,"F2","Fucus","Nucella lapillus","Dogwhelk","NUCLAP",0,3,"No"
"NETN","ACAD","BASHAR","2024-06-29",2024,FALSE,"F2","Fucus","Littorina littorea","Common periwinkle","LITLIT",1,84,"No"
"NETN","ACAD","BASHAR","2024-06-29",2024,FALSE,"F2","Fucus","Littorina obtusata","Smooth periwinkle","LITOBT",0,41,"No"
"NETN","ACAD","BASHAR","2024-06-29",2024,FALSE,"F2","Fucus","Nucella lapillus","Dogwhelk","NUCLAP",0,3,"No"
"NETN","ACAD","BASHAR","2013-06-21",2013,FALSE,"F3","Fucus","Littorina littorea","Common periwinkle","LITLIT",0,3,"Yes"
"NETN","ACAD","BASHAR","2013-06-21",2013,FALSE,"F3","Fucus","Littorina obtusata","Smooth periwinkle","LITOBT",0,17,"Yes"
"NETN","ACAD","BASHAR","2013-06-21",2013,FALSE,"F3","Fucus","Nucella lapillus","Dogwhelk","NUCLAP",0,1,"Yes"
"NETN","ACAD","BASHAR","2013-06-21",2013,FALSE,"F3","Fucus","Testudinalia testudinalis","Limpet","TECTES",0,13,"Yes"
"NETN","ACAD","BASHAR","2013-06-24",2013,TRUE,"F3","Fucus","Littorina littorea","Common periwinkle","LITLIT",0,4,"Yes"
"NETN","ACAD","BASHAR","2013-06-24",2013,TRUE,"F3","Fucus","Littorina obtusata","Smooth periwinkle","LITOBT",0,24,"Yes"
"NETN","ACAD","BASHAR","2013-06-24",2013,TRUE,"F3","Fucus","Nucella lapillus","Dogwhelk","NUCLAP",0,2,"Yes"
"NETN","ACAD","BASHAR","2013-06-24",2013,TRUE,"F3","Fucus","Testudinalia testudinalis","Limpet","TECTES",0,4,"Yes"
"NETN","ACAD","BASHAR","2014-06-21",2014,FALSE,"F3","Fucus","Littorina littorea","Common periwinkle","LITLIT",0,41,"No"
"NETN","ACAD","BASHAR","2014-06-21",2014,FALSE,"F3","Fucus","Littorina obtusata","Smooth periwinkle","LITOBT",0,59,"No"
"NETN","ACAD","BASHAR","2014-06-21",2014,FALSE,"F3","Fucus","Nucella lapillus","Dogwhelk","NUCLAP",0,3,"No"
"NETN","ACAD","BASHAR","2014-06-21",2014,FALSE,"F3","Fucus","Testudinalia testudinalis","Limpet","TECTES",0,3,"No"
"NETN","ACAD","BASHAR","2015-06-12",2015,FALSE,"F3","Fucus","Littorina littorea","Common periwinkle","LITLIT",3,23,NA
"NETN","ACAD","BASHAR","2015-06-12",2015,FALSE,"F3","Fucus","Littorina obtusata","Smooth periwinkle","LITOBT",0,25,NA
"NETN","ACAD","BASHAR","2015-06-12",2015,FALSE,"F3","Fucus","Testudinalia testudinalis","Limpet","TECTES",0,5,NA
"NETN","ACAD","BASHAR","2016-06-28",2016,FALSE,"F3","Fucus","Littorina littorea","Common periwinkle","LITLIT",2,46,"No"
"NETN","ACAD","BASHAR","2016-06-28",2016,FALSE,"F3","Fucus","Littorina obtusata","Smooth periwinkle","LITOBT",1,42,"No"
"NETN","ACAD","BASHAR","2016-06-28",2016,FALSE,"F3","Fucus","Nucella lapillus","Dogwhelk","NUCLAP",1,2,"No"
"NETN","ACAD","BASHAR","2017-06-25",2017,FALSE,"F3","Fucus","Littorina littorea","Common periwinkle","LITLIT",0,121,"No"
"NETN","ACAD","BASHAR","2017-06-25",2017,FALSE,"F3","Fucus","Littorina obtusata","Smooth periwinkle","LITOBT",0,30,"No"
"NETN","ACAD","BASHAR","2017-06-25",2017,FALSE,"F3","Fucus","Nucella lapillus","Dogwhelk","NUCLAP",0,2,"No"
"NETN","ACAD","BASHAR","2017-06-25",2017,FALSE,"F3","Fucus","Testudinalia testudinalis","Limpet","TECTES",0,1,"No"
"NETN","ACAD","BASHAR","2018-05-18",2018,FALSE,"F3","Fucus","Littorina littorea","Common periwinkle","LITLIT",7,165,"No"
"NETN","ACAD","BASHAR","2018-05-18",2018,FALSE,"F3","Fucus","Littorina obtusata","Smooth periwinkle","LITOBT",0,34,"No"
"NETN","ACAD","BASHAR","2018-05-18",2018,FALSE,"F3","Fucus","Nucella lapillus","Dogwhelk","NUCLAP",0,4,"No"
"NETN","ACAD","BASHAR","2018-05-18",2018,FALSE,"F3","Fucus","Testudinalia testudinalis","Limpet","TECTES",0,6,"No"
"NETN","ACAD","BASHAR","2019-06-11",2019,FALSE,"F3","Fucus","Littorina littorea","Common periwinkle","LITLIT",0,86,"No"
"NETN","ACAD","BASHAR","2019-06-11",2019,FALSE,"F3","Fucus","Littorina obtusata","Smooth periwinkle","LITOBT",0,27,"No"
"NETN","ACAD","BASHAR","2021-07-18",2021,FALSE,"F3","Fucus","Littorina littorea","Common periwinkle","LITLIT",7,249,"No"
"NETN","ACAD","BASHAR","2021-07-18",2021,FALSE,"F3","Fucus","Littorina obtusata","Smooth periwinkle","LITOBT",1,42,"No"
"NETN","ACAD","BASHAR","2021-07-18",2021,FALSE,"F3","Fucus","Nucella lapillus","Dogwhelk","NUCLAP",0,2,"No"
"NETN","ACAD","BASHAR","2021-07-18",2021,FALSE,"F3","Fucus","Testudinalia testudinalis","Limpet","TECTES",0,1,"No"
"NETN","ACAD","BASHAR","2022-05-22",2022,FALSE,"F3","Fucus","Littorina littorea","Common periwinkle","LITLIT",0,165,"No"
"NETN","ACAD","BASHAR","2022-05-22",2022,FALSE,"F3","Fucus","Littorina obtusata","Smooth periwinkle","LITOBT",0,34,"No"
"NETN","ACAD","BASHAR","2022-05-22",2022,FALSE,"F3","Fucus","Nucella lapillus","Dogwhelk","NUCLAP",0,1,"No"
"NETN","ACAD","BASHAR","2022-05-22",2022,FALSE,"F3","Fucus","Testudinalia testudinalis","Limpet","TECTES",0,4,"No"
"NETN","ACAD","BASHAR","2023-06-12",2023,FALSE,"F3","Fucus","Carcinus maenas","Green crab","CARMAE",0,1,"No"
"NETN","ACAD","BASHAR","2023-06-12",2023,FALSE,"F3","Fucus","Littorina littorea","Common periwinkle","LITLIT",2,151,"No"
"NETN","ACAD","BASHAR","2023-06-12",2023,FALSE,"F3","Fucus","Littorina obtusata","Smooth periwinkle","LITOBT",0,16,"No"
"NETN","ACAD","BASHAR","2023-06-12",2023,FALSE,"F3","Fucus","Nucella lapillus","Dogwhelk","NUCLAP",0,3,"No"
"NETN","ACAD","BASHAR","2024-06-29",2024,FALSE,"F3","Fucus","Carcinus maenas","Green crab","CARMAE",0,3,"No"
"NETN","ACAD","BASHAR","2024-06-29",2024,FALSE,"F3","Fucus","Littorina littorea","Common periwinkle","LITLIT",5,106,"No"
"NETN","ACAD","BASHAR","2024-06-29",2024,FALSE,"F3","Fucus","Littorina obtusata","Smooth periwinkle","LITOBT",0,26,"No"
"NETN","ACAD","BASHAR","2024-06-29",2024,FALSE,"F3","Fucus","Nucella lapillus","Dogwhelk","NUCLAP",0,1,"No"
"NETN","ACAD","BASHAR","2013-06-21",2013,FALSE,"F4","Fucus","Littorina littorea","Common periwinkle","LITLIT",1,22,"Yes"
"NETN","ACAD","BASHAR","2013-06-21",2013,FALSE,"F4","Fucus","Littorina obtusata","Smooth periwinkle","LITOBT",2,32,"Yes"
"NETN","ACAD","BASHAR","2013-06-21",2013,FALSE,"F4","Fucus","Nucella lapillus","Dogwhelk","NUCLAP",0,1,"Yes"
"NETN","ACAD","BASHAR","2013-06-21",2013,FALSE,"F4","Fucus","Testudinalia testudinalis","Limpet","TECTES",0,2,"Yes"
"NETN","ACAD","BASHAR","2013-06-24",2013,TRUE,"F4","Fucus","Littorina littorea","Common periwinkle","LITLIT",1,26,"No"
"NETN","ACAD","BASHAR","2013-06-24",2013,TRUE,"F4","Fucus","Littorina obtusata","Smooth periwinkle","LITOBT",0,80,"No"
"NETN","ACAD","BASHAR","2013-06-24",2013,TRUE,"F4","Fucus","Testudinalia testudinalis","Limpet","TECTES",0,9,"No"
"NETN","ACAD","BASHAR","2014-06-21",2014,FALSE,"F4","Fucus","Littorina littorea","Common periwinkle","LITLIT",0,25,"Yes"
"NETN","ACAD","BASHAR","2014-06-21",2014,FALSE,"F4","Fucus","Littorina obtusata","Smooth periwinkle","LITOBT",0,25,"Yes"
"NETN","ACAD","BASHAR","2014-06-21",2014,FALSE,"F4","Fucus","Nucella lapillus","Dogwhelk","NUCLAP",0,1,"Yes"
"NETN","ACAD","BASHAR","2015-06-12",2015,FALSE,"F4","Fucus","Littorina littorea","Common periwinkle","LITLIT",2,18,"No"
"NETN","ACAD","BASHAR","2015-06-12",2015,FALSE,"F4","Fucus","Littorina obtusata","Smooth periwinkle","LITOBT",1,4,"No"
"NETN","ACAD","BASHAR","2016-06-28",2016,FALSE,"F4","Fucus","Littorina littorea","Common periwinkle","LITLIT",0,68,"No"
"NETN","ACAD","BASHAR","2016-06-28",2016,FALSE,"F4","Fucus","Littorina obtusata","Smooth periwinkle","LITOBT",0,51,"No"
"NETN","ACAD","BASHAR","2016-06-28",2016,FALSE,"F4","Fucus","Nucella lapillus","Dogwhelk","NUCLAP",0,1,"No"
"NETN","ACAD","BASHAR","2016-06-28",2016,FALSE,"F4","Fucus","Testudinalia testudinalis","Limpet","TECTES",0,12,"No"
"NETN","ACAD","BASHAR","2017-06-25",2017,FALSE,"F4","Fucus","Littorina littorea","Common periwinkle","LITLIT",0,124,"No"
"NETN","ACAD","BASHAR","2017-06-25",2017,FALSE,"F4","Fucus","Littorina obtusata","Smooth periwinkle","LITOBT",0,41,"No"
"NETN","ACAD","BASHAR","2017-06-25",2017,FALSE,"F4","Fucus","Nucella lapillus","Dogwhelk","NUCLAP",0,1,"No"
"NETN","ACAD","BASHAR","2018-05-18",2018,FALSE,"F4","Fucus","Littorina littorea","Common periwinkle","LITLIT",4,181,"No"
"NETN","ACAD","BASHAR","2018-05-18",2018,FALSE,"F4","Fucus","Littorina obtusata","Smooth periwinkle","LITOBT",1,28,"No"
"NETN","ACAD","BASHAR","2018-05-18",2018,FALSE,"F4","Fucus","Nucella lapillus","Dogwhelk","NUCLAP",0,2,"No"
"NETN","ACAD","BASHAR","2018-05-18",2018,FALSE,"F4","Fucus","Testudinalia testudinalis","Limpet","TECTES",0,3,"No"
"NETN","ACAD","BASHAR","2019-06-11",2019,FALSE,"F4","Fucus","Littorina littorea","Common periwinkle","LITLIT",0,102,"No"
"NETN","ACAD","BASHAR","2019-06-11",2019,FALSE,"F4","Fucus","Littorina obtusata","Smooth periwinkle","LITOBT",0,31,"No"
"NETN","ACAD","BASHAR","2019-06-11",2019,FALSE,"F4","Fucus","Testudinalia testudinalis","Limpet","TECTES",0,4,"No"
"NETN","ACAD","BASHAR","2021-07-18",2021,FALSE,"F4","Fucus","Carcinus maenas","Green crab","CARMAE",0,3,"No"
"NETN","ACAD","BASHAR","2021-07-18",2021,FALSE,"F4","Fucus","Littorina littorea","Common periwinkle","LITLIT",2,212,"No"
"NETN","ACAD","BASHAR","2021-07-18",2021,FALSE,"F4","Fucus","Littorina obtusata","Smooth periwinkle","LITOBT",0,34,"No"
"NETN","ACAD","BASHAR","2021-07-18",2021,FALSE,"F4","Fucus","Nucella lapillus","Dogwhelk","NUCLAP",0,1,"No"
"NETN","ACAD","BASHAR","2021-07-18",2021,FALSE,"F4","Fucus","Testudinalia testudinalis","Limpet","TECTES",0,1,"No"
"NETN","ACAD","BASHAR","2022-05-22",2022,FALSE,"F4","Fucus","Littorina littorea","Common periwinkle","LITLIT",17,282,"No"
"NETN","ACAD","BASHAR","2022-05-22",2022,FALSE,"F4","Fucus","Littorina obtusata","Smooth periwinkle","LITOBT",4,33,"No"
"NETN","ACAD","BASHAR","2022-05-22",2022,FALSE,"F4","Fucus","Nucella lapillus","Dogwhelk","NUCLAP",0,9,"No"
"NETN","ACAD","BASHAR","2022-05-22",2022,FALSE,"F4","Fucus","Testudinalia testudinalis","Limpet","TECTES",1,5,"No"
"NETN","ACAD","BASHAR","2023-06-12",2023,FALSE,"F4","Fucus","Littorina littorea","Common periwinkle","LITLIT",1,130,"No"
"NETN","ACAD","BASHAR","2023-06-12",2023,FALSE,"F4","Fucus","Littorina obtusata","Smooth periwinkle","LITOBT",0,7,"No"
"NETN","ACAD","BASHAR","2023-06-12",2023,FALSE,"F4","Fucus","Nucella lapillus","Dogwhelk","NUCLAP",0,1,"No"
"NETN","ACAD","BASHAR","2024-06-29",2024,FALSE,"F4","Fucus","Carcinus maenas","Green crab","CARMAE",0,2,"No"
"NETN","ACAD","BASHAR","2024-06-29",2024,FALSE,"F4","Fucus","Littorina littorea","Common periwinkle","LITLIT",11,138,"No"
"NETN","ACAD","BASHAR","2024-06-29",2024,FALSE,"F4","Fucus","Littorina obtusata","Smooth periwinkle","LITOBT",1,21,"No"
"NETN","ACAD","BASHAR","2013-06-21",2013,FALSE,"F5","Fucus","Littorina littorea","Common periwinkle","LITLIT",0,5,"Yes"
"NETN","ACAD","BASHAR","2013-06-21",2013,FALSE,"F5","Fucus","Littorina obtusata","Smooth periwinkle","LITOBT",0,45,"Yes"
"NETN","ACAD","BASHAR","2013-06-21",2013,FALSE,"F5","Fucus","Nucella lapillus","Dogwhelk","NUCLAP",1,0,"Yes"
"NETN","ACAD","BASHAR","2013-06-21",2013,FALSE,"F5","Fucus","Testudinalia testudinalis","Limpet","TECTES",0,5,"Yes"
"NETN","ACAD","BASHAR","2013-06-24",2013,TRUE,"F5","Fucus","Littorina littorea","Common periwinkle","LITLIT",0,13,"No"
"NETN","ACAD","BASHAR","2013-06-24",2013,TRUE,"F5","Fucus","Littorina obtusata","Smooth periwinkle","LITOBT",1,89,"No"
"NETN","ACAD","BASHAR","2013-06-24",2013,TRUE,"F5","Fucus","Nucella lapillus","Dogwhelk","NUCLAP",0,11,"No"
"NETN","ACAD","BASHAR","2013-06-24",2013,TRUE,"F5","Fucus","Testudinalia testudinalis","Limpet","TECTES",0,13,"No"
"NETN","ACAD","BASHAR","2014-06-21",2014,FALSE,"F5","Fucus","Littorina littorea","Common periwinkle","LITLIT",0,9,"Yes"
"NETN","ACAD","BASHAR","2014-06-21",2014,FALSE,"F5","Fucus","Littorina obtusata","Smooth periwinkle","LITOBT",0,35,"Yes"
"NETN","ACAD","BASHAR","2014-06-21",2014,FALSE,"F5","Fucus","Testudinalia testudinalis","Limpet","TECTES",0,1,"Yes"
"NETN","ACAD","BASHAR","2015-06-12",2015,FALSE,"F5","Fucus","Littorina littorea","Common periwinkle","LITLIT",5,17,NA
"NETN","ACAD","BASHAR","2015-06-12",2015,FALSE,"F5","Fucus","Littorina obtusata","Smooth periwinkle","LITOBT",4,35,NA
"NETN","ACAD","BASHAR","2015-06-12",2015,FALSE,"F5","Fucus","Nucella lapillus","Dogwhelk","NUCLAP",1,6,NA
"NETN","ACAD","BASHAR","2015-06-12",2015,FALSE,"F5","Fucus","Testudinalia testudinalis","Limpet","TECTES",0,2,NA
"NETN","ACAD","BASHAR","2016-06-28",2016,FALSE,"F5","Fucus","Littorina littorea","Common periwinkle","LITLIT",0,61,"No"
"NETN","ACAD","BASHAR","2016-06-28",2016,FALSE,"F5","Fucus","Littorina obtusata","Smooth periwinkle","LITOBT",2,49,"No"
"NETN","ACAD","BASHAR","2016-06-28",2016,FALSE,"F5","Fucus","Nucella lapillus","Dogwhelk","NUCLAP",1,10,"No"
"NETN","ACAD","BASHAR","2016-06-28",2016,FALSE,"F5","Fucus","Testudinalia testudinalis","Limpet","TECTES",0,4,"No"
"NETN","ACAD","BASHAR","2017-06-25",2017,FALSE,"F5","Fucus","Littorina littorea","Common periwinkle","LITLIT",0,80,"No"
"NETN","ACAD","BASHAR","2017-06-25",2017,FALSE,"F5","Fucus","Littorina obtusata","Smooth periwinkle","LITOBT",0,28,"No"
"NETN","ACAD","BASHAR","2017-06-25",2017,FALSE,"F5","Fucus","Nucella lapillus","Dogwhelk","NUCLAP",0,1,"No"
"NETN","ACAD","BASHAR","2017-06-25",2017,FALSE,"F5","Fucus","Testudinalia testudinalis","Limpet","TECTES",0,2,"No"
"NETN","ACAD","BASHAR","2018-05-18",2018,FALSE,"F5","Fucus","Littorina littorea","Common periwinkle","LITLIT",0,97,"No"
"NETN","ACAD","BASHAR","2018-05-18",2018,FALSE,"F5","Fucus","Littorina obtusata","Smooth periwinkle","LITOBT",2,39,"No"
"NETN","ACAD","BASHAR","2018-05-18",2018,FALSE,"F5","Fucus","Nucella lapillus","Dogwhelk","NUCLAP",0,3,"No"
"NETN","ACAD","BASHAR","2018-05-18",2018,FALSE,"F5","Fucus","Testudinalia testudinalis","Limpet","TECTES",0,10,"No"
"NETN","ACAD","BASHAR","2019-06-11",2019,FALSE,"F5","Fucus","Littorina littorea","Common periwinkle","LITLIT",0,70,"No"
"NETN","ACAD","BASHAR","2019-06-11",2019,FALSE,"F5","Fucus","Littorina obtusata","Smooth periwinkle","LITOBT",0,18,"No"
"NETN","ACAD","BASHAR","2019-06-11",2019,FALSE,"F5","Fucus","Nucella lapillus","Dogwhelk","NUCLAP",1,7,"No"
"NETN","ACAD","BASHAR","2021-07-18",2021,FALSE,"F5","Fucus","Carcinus maenas","Green crab","CARMAE",0,1,"No"
"NETN","ACAD","BASHAR","2021-07-18",2021,FALSE,"F5","Fucus","Littorina littorea","Common periwinkle","LITLIT",3,130,"No"
"NETN","ACAD","BASHAR","2021-07-18",2021,FALSE,"F5","Fucus","Littorina obtusata","Smooth periwinkle","LITOBT",2,39,"No"
"NETN","ACAD","BASHAR","2021-07-18",2021,FALSE,"F5","Fucus","Nucella lapillus","Dogwhelk","NUCLAP",0,3,"No"
"NETN","ACAD","BASHAR","2021-07-18",2021,FALSE,"F5","Fucus","Testudinalia testudinalis","Limpet","TECTES",0,1,"No"
"NETN","ACAD","BASHAR","2022-05-22",2022,FALSE,"F5","Fucus","Littorina littorea","Common periwinkle","LITLIT",6,134,"No"
"NETN","ACAD","BASHAR","2022-05-22",2022,FALSE,"F5","Fucus","Littorina obtusata","Smooth periwinkle","LITOBT",0,63,"No"
"NETN","ACAD","BASHAR","2022-05-22",2022,FALSE,"F5","Fucus","Nucella lapillus","Dogwhelk","NUCLAP",0,10,"No"
"NETN","ACAD","BASHAR","2023-06-12",2023,FALSE,"F5","Fucus","Littorina littorea","Common periwinkle","LITLIT",1,168,"No"
"NETN","ACAD","BASHAR","2023-06-12",2023,FALSE,"F5","Fucus","Littorina obtusata","Smooth periwinkle","LITOBT",0,11,"No"
"NETN","ACAD","BASHAR","2023-06-12",2023,FALSE,"F5","Fucus","Nucella lapillus","Dogwhelk","NUCLAP",0,3,"No"
"NETN","ACAD","BASHAR","2023-06-12",2023,FALSE,"F5","Fucus","Testudinalia testudinalis","Limpet","TECTES",0,1,"No"
"NETN","ACAD","BASHAR","2024-06-29",2024,FALSE,"F5","Fucus","Carcinus maenas","Green crab","CARMAE",0,2,"No"
"NETN","ACAD","BASHAR","2024-06-29",2024,FALSE,"F5","Fucus","Littorina littorea","Common periwinkle","LITLIT",8,73,"No"
"NETN","ACAD","BASHAR","2024-06-29",2024,FALSE,"F5","Fucus","Littorina obtusata","Smooth periwinkle","LITOBT",3,29,"No"
"NETN","ACAD","BASHAR","2024-06-29",2024,FALSE,"F5","Fucus","Nucella lapillus","Dogwhelk","NUCLAP",0,2,"No"
"NETN","ACAD","BASHAR","2013-06-21",2013,FALSE,"R5","Red Algae","Nucella lapillus","Dogwhelk","NUCLAP",0,2,"No"
"NETN","ACAD","BASHAR","2013-06-24",2013,TRUE,"R5","Red Algae","Nucella lapillus","Dogwhelk","NUCLAP",0,1,"No"
"NETN","ACAD","BASHAR","2014-06-21",2014,FALSE,"R5","Red Algae","Littorina littorea","Common periwinkle","LITLIT",0,1,"No"
"NETN","ACAD","BASHAR","2015-06-12",2015,FALSE,"R5","Red Algae","Littorina littorea","Common periwinkle","LITLIT",4,16,"No"
"NETN","ACAD","BASHAR","2016-06-28",2016,FALSE,"R5","Red Algae","Littorina littorea","Common periwinkle","LITLIT",1,5,"No"
"NETN","ACAD","BASHAR","2016-06-28",2016,FALSE,"R5","Red Algae","Nucella lapillus","Dogwhelk","NUCLAP",0,2,"No"
"NETN","ACAD","BASHAR","2016-06-28",2016,FALSE,"R5","Red Algae","Testudinalia testudinalis","Limpet","TECTES",0,2,"No"
"NETN","ACAD","BASHAR","2017-06-25",2017,FALSE,"R5","Red Algae","Littorina littorea","Common periwinkle","LITLIT",0,96,"No"
"NETN","ACAD","BASHAR","2017-06-25",2017,FALSE,"R5","Red Algae","Nucella lapillus","Dogwhelk","NUCLAP",0,1,"No"
"NETN","ACAD","BASHAR","2017-06-25",2017,FALSE,"R5","Red Algae","Testudinalia testudinalis","Limpet","TECTES",0,2,"No"
"NETN","ACAD","BASHAR","2018-05-18",2018,FALSE,"R5","Red Algae","Littorina littorea","Common periwinkle","LITLIT",0,101,"No"
"NETN","ACAD","BASHAR","2018-05-18",2018,FALSE,"R5","Red Algae","Nucella lapillus","Dogwhelk","NUCLAP",0,3,"No"
"NETN","ACAD","BASHAR","2018-05-18",2018,FALSE,"R5","Red Algae","Testudinalia testudinalis","Limpet","TECTES",0,2,"No"
"NETN","ACAD","BASHAR","2019-06-11",2019,FALSE,"R5","Red Algae","Littorina littorea","Common periwinkle","LITLIT",0,39,"No"
"NETN","ACAD","BASHAR","2019-06-11",2019,FALSE,"R5","Red Algae","Littorina obtusata","Smooth periwinkle","LITOBT",0,1,"No"
"NETN","ACAD","BASHAR","2019-06-11",2019,FALSE,"R5","Red Algae","Testudinalia testudinalis","Limpet","TECTES",0,1,"No"
"NETN","ACAD","BASHAR","2021-07-18",2021,FALSE,"R5","Red Algae","Littorina littorea","Common periwinkle","LITLIT",6,11,"No"
"NETN","ACAD","BASHAR","2021-07-18",2021,FALSE,"R5","Red Algae","Nucella lapillus","Dogwhelk","NUCLAP",2,0,"No"
"NETN","ACAD","BASHAR","2021-07-18",2021,FALSE,"R5","Red Algae","Testudinalia testudinalis","Limpet","TECTES",0,1,"No"
"NETN","ACAD","BASHAR","2022-05-22",2022,FALSE,"R5","Red Algae","Littorina littorea","Common periwinkle","LITLIT",5,45,"No"
"NETN","ACAD","BASHAR","2022-05-22",2022,FALSE,"R5","Red Algae","Littorina obtusata","Smooth periwinkle","LITOBT",0,1,"No"
"NETN","ACAD","BASHAR","2022-05-22",2022,FALSE,"R5","Red Algae","Testudinalia testudinalis","Limpet","TECTES",0,2,"No"
"NETN","ACAD","BASHAR","2023-06-12",2023,FALSE,"R5","Red Algae","Littorina littorea","Common periwinkle","LITLIT",2,26,"No"
"NETN","ACAD","BASHAR","2024-06-29",2024,FALSE,"R5","Red Algae","Littorina littorea","Common periwinkle","LITLIT",0,5,"No"
"NETN","ACAD","BASHAR","2013-06-21",2013,FALSE,"R1","Red Algae","Littorina littorea","Common periwinkle","LITLIT",0,2,"No"
"NETN","ACAD","BASHAR","2013-06-21",2013,FALSE,"R1","Red Algae","Littorina obtusata","Smooth periwinkle","LITOBT",0,1,"No"
"NETN","ACAD","BASHAR","2013-06-24",2013,TRUE,"R1","Red Algae","Littorina littorea","Common periwinkle","LITLIT",0,4,"No"
"NETN","ACAD","BASHAR","2013-06-24",2013,TRUE,"R1","Red Algae","Littorina obtusata","Smooth periwinkle","LITOBT",0,1,"No"
"NETN","ACAD","BASHAR","2013-06-24",2013,TRUE,"R1","Red Algae","Nucella lapillus","Dogwhelk","NUCLAP",0,1,"No"
"NETN","ACAD","BASHAR","2013-06-24",2013,TRUE,"R1","Red Algae","Testudinalia testudinalis","Limpet","TECTES",0,2,"No"
"NETN","ACAD","BASHAR","2014-06-21",2014,FALSE,"R1","Red Algae","Littorina littorea","Common periwinkle","LITLIT",0,6,"No"
"NETN","ACAD","BASHAR","2014-06-21",2014,FALSE,"R1","Red Algae","Littorina obtusata","Smooth periwinkle","LITOBT",0,2,"No"
"NETN","ACAD","BASHAR","2014-06-21",2014,FALSE,"R1","Red Algae","Nucella lapillus","Dogwhelk","NUCLAP",0,2,"No"
"NETN","ACAD","BASHAR","2014-06-21",2014,FALSE,"R1","Red Algae","Testudinalia testudinalis","Limpet","TECTES",0,3,"No"
"NETN","ACAD","BASHAR","2015-06-12",2015,FALSE,"R1","Red Algae","Littorina littorea","Common periwinkle","LITLIT",9,69,"No"
"NETN","ACAD","BASHAR","2015-06-12",2015,FALSE,"R1","Red Algae","Littorina obtusata","Smooth periwinkle","LITOBT",1,18,"No"
"NETN","ACAD","BASHAR","2015-06-12",2015,FALSE,"R1","Red Algae","Testudinalia testudinalis","Limpet","TECTES",0,6,"No"
"NETN","ACAD","BASHAR","2016-06-28",2016,FALSE,"R1","Red Algae","Littorina littorea","Common periwinkle","LITLIT",3,18,"No"
"NETN","ACAD","BASHAR","2016-06-28",2016,FALSE,"R1","Red Algae","Nucella lapillus","Dogwhelk","NUCLAP",0,2,"No"
"NETN","ACAD","BASHAR","2016-06-28",2016,FALSE,"R1","Red Algae","Testudinalia testudinalis","Limpet","TECTES",0,6,"No"
"NETN","ACAD","BASHAR","2017-06-25",2017,FALSE,"R1","Red Algae","Littorina littorea","Common periwinkle","LITLIT",0,92,"Yes"
"NETN","ACAD","BASHAR","2017-06-25",2017,FALSE,"R1","Red Algae","Littorina obtusata","Smooth periwinkle","LITOBT",0,2,"Yes"
"NETN","ACAD","BASHAR","2018-05-18",2018,FALSE,"R1","Red Algae","Littorina littorea","Common periwinkle","LITLIT",5,94,"No"
"NETN","ACAD","BASHAR","2018-05-18",2018,FALSE,"R1","Red Algae","Littorina obtusata","Smooth periwinkle","LITOBT",0,5,"No"
"NETN","ACAD","BASHAR","2018-05-18",2018,FALSE,"R1","Red Algae","Testudinalia testudinalis","Limpet","TECTES",0,2,"No"
"NETN","ACAD","BASHAR","2019-06-11",2019,FALSE,"R1","Red Algae","Littorina littorea","Common periwinkle","LITLIT",0,234,"No"
"NETN","ACAD","BASHAR","2019-06-11",2019,FALSE,"R1","Red Algae","Littorina obtusata","Smooth periwinkle","LITOBT",0,9,"No"
"NETN","ACAD","BASHAR","2019-06-11",2019,FALSE,"R1","Red Algae","Testudinalia testudinalis","Limpet","TECTES",0,6,"No"
"NETN","ACAD","BASHAR","2021-07-18",2021,FALSE,"R1","Red Algae","Carcinus maenas","Green crab","CARMAE",0,3,"No"
"NETN","ACAD","BASHAR","2021-07-18",2021,FALSE,"R1","Red Algae","Littorina littorea","Common periwinkle","LITLIT",18,261,"No"
"NETN","ACAD","BASHAR","2021-07-18",2021,FALSE,"R1","Red Algae","Littorina obtusata","Smooth periwinkle","LITOBT",0,4,"No"
"NETN","ACAD","BASHAR","2021-07-18",2021,FALSE,"R1","Red Algae","Testudinalia testudinalis","Limpet","TECTES",0,5,"No"
"NETN","ACAD","BASHAR","2022-05-22",2022,FALSE,"R1","Red Algae","Littorina littorea","Common periwinkle","LITLIT",11,233,"No"
"NETN","ACAD","BASHAR","2022-05-22",2022,FALSE,"R1","Red Algae","Littorina obtusata","Smooth periwinkle","LITOBT",0,12,"No"
"NETN","ACAD","BASHAR","2022-05-22",2022,FALSE,"R1","Red Algae","Nucella lapillus","Dogwhelk","NUCLAP",0,1,"No"
"NETN","ACAD","BASHAR","2023-06-12",2023,FALSE,"R1","Red Algae","Littorina littorea","Common periwinkle","LITLIT",10,182,"No"
"NETN","ACAD","BASHAR","2024-06-29",2024,FALSE,"R1","Red Algae","Carcinus maenas","Green crab","CARMAE",0,2,"No"
"NETN","ACAD","BASHAR","2024-06-29",2024,FALSE,"R1","Red Algae","Littorina littorea","Common periwinkle","LITLIT",10,153,"No"
"NETN","ACAD","BASHAR","2024-06-29",2024,FALSE,"R1","Red Algae","Nucella lapillus","Dogwhelk","NUCLAP",0,3,"No"
"NETN","ACAD","BASHAR","2024-06-29",2024,FALSE,"R1","Red Algae","Testudinalia testudinalis","Limpet","TECTES",0,1,"No"
"NETN","ACAD","BASHAR","2013-06-21",2013,FALSE,"R2","Red Algae","Littorina obtusata","Smooth periwinkle","LITOBT",0,1,"No"
"NETN","ACAD","BASHAR","2014-06-21",2014,FALSE,"R2","Red Algae","Littorina littorea","Common periwinkle","LITLIT",0,23,"No"
"NETN","ACAD","BASHAR","2014-06-21",2014,FALSE,"R2","Red Algae","Littorina obtusata","Smooth periwinkle","LITOBT",0,3,"No"
"NETN","ACAD","BASHAR","2014-06-21",2014,FALSE,"R2","Red Algae","Testudinalia testudinalis","Limpet","TECTES",0,1,"No"
"NETN","ACAD","BASHAR","2015-06-12",2015,FALSE,"R2","Red Algae","Littorina littorea","Common periwinkle","LITLIT",10,94,"No"
"NETN","ACAD","BASHAR","2015-06-12",2015,FALSE,"R2","Red Algae","Littorina obtusata","Smooth periwinkle","LITOBT",0,5,"No"
"NETN","ACAD","BASHAR","2015-06-12",2015,FALSE,"R2","Red Algae","Nucella lapillus","Dogwhelk","NUCLAP",1,0,"No"
"NETN","ACAD","BASHAR","2015-06-12",2015,FALSE,"R2","Red Algae","Testudinalia testudinalis","Limpet","TECTES",0,12,"No"
"NETN","ACAD","BASHAR","2016-06-28",2016,FALSE,"R2","Red Algae","Littorina littorea","Common periwinkle","LITLIT",0,30,"No"
"NETN","ACAD","BASHAR","2016-06-28",2016,FALSE,"R2","Red Algae","Littorina obtusata","Smooth periwinkle","LITOBT",1,0,"No"
"NETN","ACAD","BASHAR","2016-06-28",2016,FALSE,"R2","Red Algae","Testudinalia testudinalis","Limpet","TECTES",0,2,"No"
"NETN","ACAD","BASHAR","2017-06-25",2017,FALSE,"R2","Red Algae","Littorina littorea","Common periwinkle","LITLIT",0,106,"No"
"NETN","ACAD","BASHAR","2017-06-25",2017,FALSE,"R2","Red Algae","Littorina obtusata","Smooth periwinkle","LITOBT",0,1,"No"
"NETN","ACAD","BASHAR","2017-06-25",2017,FALSE,"R2","Red Algae","Testudinalia testudinalis","Limpet","TECTES",0,1,"No"
"NETN","ACAD","BASHAR","2018-05-18",2018,FALSE,"R2","Red Algae","Littorina littorea","Common periwinkle","LITLIT",12,95,"No"
"NETN","ACAD","BASHAR","2018-05-18",2018,FALSE,"R2","Red Algae","Littorina obtusata","Smooth periwinkle","LITOBT",0,4,"No"
"NETN","ACAD","BASHAR","2018-05-18",2018,FALSE,"R2","Red Algae","Nucella lapillus","Dogwhelk","NUCLAP",0,1,"No"
"NETN","ACAD","BASHAR","2018-05-18",2018,FALSE,"R2","Red Algae","Testudinalia testudinalis","Limpet","TECTES",0,3,"No"
"NETN","ACAD","BASHAR","2019-06-11",2019,FALSE,"R2","Red Algae","Littorina littorea","Common periwinkle","LITLIT",1,170,"No"
"NETN","ACAD","BASHAR","2019-06-11",2019,FALSE,"R2","Red Algae","Littorina obtusata","Smooth periwinkle","LITOBT",0,8,"No"
"NETN","ACAD","BASHAR","2019-06-11",2019,FALSE,"R2","Red Algae","Nucella lapillus","Dogwhelk","NUCLAP",0,1,"No"
"NETN","ACAD","BASHAR","2019-06-11",2019,FALSE,"R2","Red Algae","Testudinalia testudinalis","Limpet","TECTES",0,1,"No"
"NETN","ACAD","BASHAR","2021-07-18",2021,FALSE,"R2","Red Algae","Carcinus maenas","Green crab","CARMAE",1,0,"No"
"NETN","ACAD","BASHAR","2021-07-18",2021,FALSE,"R2","Red Algae","Littorina littorea","Common periwinkle","LITLIT",257,0,"No"
"NETN","ACAD","BASHAR","2021-07-18",2021,FALSE,"R2","Red Algae","Littorina obtusata","Smooth periwinkle","LITOBT",1,0,"No"
"NETN","ACAD","BASHAR","2021-07-18",2021,FALSE,"R2","Red Algae","Testudinalia testudinalis","Limpet","TECTES",0,1,"No"
"NETN","ACAD","BASHAR","2022-05-22",2022,FALSE,"R2","Red Algae","Littorina littorea","Common periwinkle","LITLIT",9,123,"No"
"NETN","ACAD","BASHAR","2022-05-22",2022,FALSE,"R2","Red Algae","Littorina obtusata","Smooth periwinkle","LITOBT",0,8,"No"
"NETN","ACAD","BASHAR","2022-05-22",2022,FALSE,"R2","Red Algae","Nucella lapillus","Dogwhelk","NUCLAP",0,4,"No"
"NETN","ACAD","BASHAR","2022-05-22",2022,FALSE,"R2","Red Algae","Testudinalia testudinalis","Limpet","TECTES",0,4,"No"
"NETN","ACAD","BASHAR","2023-06-12",2023,FALSE,"R2","Red Algae","Littorina littorea","Common periwinkle","LITLIT",6,169,"No"
"NETN","ACAD","BASHAR","2023-06-12",2023,FALSE,"R2","Red Algae","Testudinalia testudinalis","Limpet","TECTES",0,2,"No"
"NETN","ACAD","BASHAR","2024-06-29",2024,FALSE,"R2","Red Algae","Carcinus maenas","Green crab","CARMAE",0,2,"No"
"NETN","ACAD","BASHAR","2024-06-29",2024,FALSE,"R2","Red Algae","Littorina littorea","Common periwinkle","LITLIT",6,96,"No"
"NETN","ACAD","BASHAR","2024-06-29",2024,FALSE,"R2","Red Algae","Littorina obtusata","Smooth periwinkle","LITOBT",0,1,"No"
"NETN","ACAD","BASHAR","2024-06-29",2024,FALSE,"R2","Red Algae","Nucella lapillus","Dogwhelk","NUCLAP",0,1,"No"
"NETN","ACAD","BASHAR","2024-06-29",2024,FALSE,"R2","Red Algae","Testudinalia testudinalis","Limpet","TECTES",0,1,"No"
"NETN","ACAD","BASHAR","2013-06-21",2013,FALSE,"R3","Red Algae","Littorina littorea","Common periwinkle","LITLIT",0,1,"No"
"NETN","ACAD","BASHAR","2013-06-24",2013,TRUE,"R3","Red Algae","Nucella lapillus","Dogwhelk","NUCLAP",0,1,"No"
"NETN","ACAD","BASHAR","2014-06-21",2014,FALSE,"R3","Red Algae","Littorina littorea","Common periwinkle","LITLIT",0,6,"No"
"NETN","ACAD","BASHAR","2014-06-21",2014,FALSE,"R3","Red Algae","Testudinalia testudinalis","Limpet","TECTES",0,3,"No"
"NETN","ACAD","BASHAR","2015-06-12",2015,FALSE,"R3","Red Algae","Littorina littorea","Common periwinkle","LITLIT",5,15,"No"
"NETN","ACAD","BASHAR","2015-06-12",2015,FALSE,"R3","Red Algae","Littorina obtusata","Smooth periwinkle","LITOBT",0,3,"No"
"NETN","ACAD","BASHAR","2015-06-12",2015,FALSE,"R3","Red Algae","Nucella lapillus","Dogwhelk","NUCLAP",1,3,"No"
"NETN","ACAD","BASHAR","2015-06-12",2015,FALSE,"R3","Red Algae","Testudinalia testudinalis","Limpet","TECTES",0,3,"No"
"NETN","ACAD","BASHAR","2016-06-28",2016,FALSE,"R3","Red Algae","Littorina littorea","Common periwinkle","LITLIT",0,51,"No"
"NETN","ACAD","BASHAR","2016-06-28",2016,FALSE,"R3","Red Algae","Testudinalia testudinalis","Limpet","TECTES",0,2,"No"
"NETN","ACAD","BASHAR","2017-06-25",2017,FALSE,"R3","Red Algae","Littorina littorea","Common periwinkle","LITLIT",0,63,"No"
"NETN","ACAD","BASHAR","2017-06-25",2017,FALSE,"R3","Red Algae","Littorina obtusata","Smooth periwinkle","LITOBT",0,1,"No"
"NETN","ACAD","BASHAR","2017-06-25",2017,FALSE,"R3","Red Algae","Littorina saxatilis","Rough periwinkle","LITSAX",0,1,"No"
"NETN","ACAD","BASHAR","2017-06-25",2017,FALSE,"R3","Red Algae","Testudinalia testudinalis","Limpet","TECTES",0,2,"No"
"NETN","ACAD","BASHAR","2018-05-18",2018,FALSE,"R3","Red Algae","Littorina littorea","Common periwinkle","LITLIT",5,101,"No"
"NETN","ACAD","BASHAR","2018-05-18",2018,FALSE,"R3","Red Algae","Testudinalia testudinalis","Limpet","TECTES",0,4,"No"
"NETN","ACAD","BASHAR","2019-06-11",2019,FALSE,"R3","Red Algae","Littorina littorea","Common periwinkle","LITLIT",7,125,"No"
"NETN","ACAD","BASHAR","2019-06-11",2019,FALSE,"R3","Red Algae","Littorina obtusata","Smooth periwinkle","LITOBT",0,2,"No"
"NETN","ACAD","BASHAR","2019-06-11",2019,FALSE,"R3","Red Algae","Nucella lapillus","Dogwhelk","NUCLAP",0,1,"No"
"NETN","ACAD","BASHAR","2019-06-11",2019,FALSE,"R3","Red Algae","Testudinalia testudinalis","Limpet","TECTES",0,5,"No"
"NETN","ACAD","BASHAR","2021-07-18",2021,FALSE,"R3","Red Algae","Littorina littorea","Common periwinkle","LITLIT",13,107,"No"
"NETN","ACAD","BASHAR","2022-05-22",2022,FALSE,"R3","Red Algae","Littorina littorea","Common periwinkle","LITLIT",0,148,"No"
"NETN","ACAD","BASHAR","2022-05-22",2022,FALSE,"R3","Red Algae","Littorina obtusata","Smooth periwinkle","LITOBT",0,2,"No"
"NETN","ACAD","BASHAR","2022-05-22",2022,FALSE,"R3","Red Algae","Nucella lapillus","Dogwhelk","NUCLAP",0,2,"No"
"NETN","ACAD","BASHAR","2023-06-12",2023,FALSE,"R3","Red Algae","Carcinus maenas","Green crab","CARMAE",0,1,"No"
"NETN","ACAD","BASHAR","2023-06-12",2023,FALSE,"R3","Red Algae","Littorina littorea","Common periwinkle","LITLIT",34,180,"No"
"NETN","ACAD","BASHAR","2023-06-12",2023,FALSE,"R3","Red Algae","Testudinalia testudinalis","Limpet","TECTES",0,2,"No"
"NETN","ACAD","BASHAR","2024-06-29",2024,FALSE,"R3","Red Algae","Littorina littorea","Common periwinkle","LITLIT",4,36,"No"
"NETN","ACAD","BASHAR","2013-06-21",2013,FALSE,"R4","Red Algae","Littorina littorea","Common periwinkle","LITLIT",0,1,"No"
"NETN","ACAD","BASHAR","2013-06-24",2013,TRUE,"R4","Red Algae","Littorina littorea","Common periwinkle","LITLIT",0,1,"No"
"NETN","ACAD","BASHAR","2014-06-21",2014,FALSE,"R4","Red Algae","Littorina littorea","Common periwinkle","LITLIT",2,12,"No"
"NETN","ACAD","BASHAR","2014-06-21",2014,FALSE,"R4","Red Algae","Littorina obtusata","Smooth periwinkle","LITOBT",0,1,"No"
"NETN","ACAD","BASHAR","2014-06-21",2014,FALSE,"R4","Red Algae","Testudinalia testudinalis","Limpet","TECTES",0,6,"No"
"NETN","ACAD","BASHAR","2015-06-12",2015,FALSE,"R4","Red Algae","Littorina littorea","Common periwinkle","LITLIT",9,58,"No"
"NETN","ACAD","BASHAR","2015-06-12",2015,FALSE,"R4","Red Algae","Littorina obtusata","Smooth periwinkle","LITOBT",0,1,"No"
"NETN","ACAD","BASHAR","2015-06-12",2015,FALSE,"R4","Red Algae","Testudinalia testudinalis","Limpet","TECTES",0,5,"No"
"NETN","ACAD","BASHAR","2016-06-28",2016,FALSE,"R4","Red Algae","Littorina littorea","Common periwinkle","LITLIT",1,6,"No"
"NETN","ACAD","BASHAR","2016-06-28",2016,FALSE,"R4","Red Algae","Testudinalia testudinalis","Limpet","TECTES",0,1,"No"
"NETN","ACAD","BASHAR","2017-06-25",2017,FALSE,"R4","Red Algae","Littorina littorea","Common periwinkle","LITLIT",1,131,"No"
"NETN","ACAD","BASHAR","2017-06-25",2017,FALSE,"R4","Red Algae","Littorina obtusata","Smooth periwinkle","LITOBT",0,1,"No"
"NETN","ACAD","BASHAR","2017-06-25",2017,FALSE,"R4","Red Algae","Nucella lapillus","Dogwhelk","NUCLAP",0,1,"No"
"NETN","ACAD","BASHAR","2017-06-25",2017,FALSE,"R4","Red Algae","Testudinalia testudinalis","Limpet","TECTES",0,2,"No"
"NETN","ACAD","BASHAR","2018-05-18",2018,FALSE,"R4","Red Algae","Littorina littorea","Common periwinkle","LITLIT",12,106,"No"
"NETN","ACAD","BASHAR","2018-05-18",2018,FALSE,"R4","Red Algae","Littorina obtusata","Smooth periwinkle","LITOBT",0,1,"No"
"NETN","ACAD","BASHAR","2018-05-18",2018,FALSE,"R4","Red Algae","Nucella lapillus","Dogwhelk","NUCLAP",0,3,"No"
"NETN","ACAD","BASHAR","2018-05-18",2018,FALSE,"R4","Red Algae","Testudinalia testudinalis","Limpet","TECTES",0,5,"No"
"NETN","ACAD","BASHAR","2019-06-11",2019,FALSE,"R4","Red Algae","Littorina littorea","Common periwinkle","LITLIT",11,196,"No"
"NETN","ACAD","BASHAR","2019-06-11",2019,FALSE,"R4","Red Algae","Littorina obtusata","Smooth periwinkle","LITOBT",0,1,"No"
"NETN","ACAD","BASHAR","2019-06-11",2019,FALSE,"R4","Red Algae","Testudinalia testudinalis","Limpet","TECTES",0,3,"No"
"NETN","ACAD","BASHAR","2021-07-18",2021,FALSE,"R4","Red Algae","Carcinus maenas","Green crab","CARMAE",0,2,"No"
"NETN","ACAD","BASHAR","2021-07-18",2021,FALSE,"R4","Red Algae","Littorina littorea","Common periwinkle","LITLIT",15,224,"No"
"NETN","ACAD","BASHAR","2021-07-18",2021,FALSE,"R4","Red Algae","Nucella lapillus","Dogwhelk","NUCLAP",3,0,"No"
"NETN","ACAD","BASHAR","2021-07-18",2021,FALSE,"R4","Red Algae","Testudinalia testudinalis","Limpet","TECTES",0,3,"No"
"NETN","ACAD","BASHAR","2022-05-22",2022,FALSE,"R4","Red Algae","Littorina littorea","Common periwinkle","LITLIT",3,100,"No"
"NETN","ACAD","BASHAR","2022-05-22",2022,FALSE,"R4","Red Algae","Littorina obtusata","Smooth periwinkle","LITOBT",0,4,"No"
"NETN","ACAD","BASHAR","2022-05-22",2022,FALSE,"R4","Red Algae","Testudinalia testudinalis","Limpet","TECTES",0,6,"No"
"NETN","ACAD","BASHAR","2023-06-12",2023,FALSE,"R4","Red Algae","Littorina littorea","Common periwinkle","LITLIT",26,150,"No"
"NETN","ACAD","BASHAR","2023-06-12",2023,FALSE,"R4","Red Algae","Testudinalia testudinalis","Limpet","TECTES",0,3,"No"
"NETN","ACAD","BASHAR","2024-06-29",2024,FALSE,"R4","Red Algae","Littorina littorea","Common periwinkle","LITLIT",3,62,"No"
